Book Id,Title,Author,Author l-f,Additional Authors,ISBN,ISBN13,My Rating,Publisher,Binding,Number of Pages,Year Published,Original Publication Year,Date Read,Date Added,Bookshelves,Bookshelves with positions,Exclusive Shelf,My Review,Spoiler,Private Notes,Read Count,Owned Copies
206108450,Little Lies & Valentines (Dark Holiday #1),Lashell Rain,"Rain, Lashell",,"=""1962157008""","=""9781962157001""",3.0,Lashell Rain,Kindle Edition,119,2024,2024,2026/09/14,2026/09/10,"not-bought, adult, contemporary","not-bought (#240), adult (#146), contemporary (#66)",read,Like a cathartic wet dream.,,,1,0
18406862,"Sinner (The Wolves of Mercy Falls, #4)",Maggie Stiefvater,"Stiefvater, Maggie",,"=""0545654572""","=""9780545654579""",0,Scholastic Press,Hardcover,357,2014,2014,,2026/09/14,"to-read, paranormal-romance, not-bought","to-read (#212), paranormal-romance (#4), not-bought (#249)",to-read,,,,0,0
9409458,"Forever (The Wolves of Mercy Falls, #3)",Maggie Stiefvater,"Stiefvater, Maggie",,"=""""","=""""",0,Scholastic Press,Hardcover,390,2011,2011,,2026/09/14,"to-read, not-bought, paranormal-romance","to-read (#211), not-bought (#248), paranormal-romance (#3)",to-read,,,,0,0
6654313,"Linger (The Wolves of Mercy Falls, #2)",Maggie Stiefvater,"Stiefvater, Maggie",,"=""0545123283""","=""9780545123280""",0,Scholastic Press,Hardcover,362,2010,2010,,2026/09/14,"to-read, paranormal-romance, not-bought","to-read (#210), paranormal-romance (#2), not-bought (#247)",to-read,,,,0,0
6068551,"Shiver (The Wolves of Mercy Falls, #1)",Maggie Stiefvater,"Stiefvater, Maggie",,"=""0545123267""","=""9780545123266""",0,Scholastic Press,Hardcover,392,2009,2009,,2026/09/14,"to-read, not-bought, paranormal-romance","to-read (#209), not-bought (#246), paranormal-romance (#1)",to-read,,,,0,0
218022666,"The Burning Queen (The Ravence Trilogy, #2)",Aparna Verma,"Verma, Aparna",,"=""0356522040""","=""9780356522043""",0,Orbit,Paperback,400,2025,2025,,2026/09/10,"to-read, not-bought, romantasy","to-read (#208), not-bought (#245), romantasy (#137)",to-read,,,,0,0
63325346,"The Phoenix King (The Ravence Trilogy, #1)",Aparna Verma,"Verma, Aparna",,"=""0316522775""","=""9780316522779""",0,Orbit,Kindle Edition,513,2023,2023,,2026/09/10,"to-read, not-bought, romantasy","to-read (#207), not-bought (#244), romantasy (#136)",to-read,,,,0,0
231387395,To Steal a Throne,Gabi Burton,"Burton, Gabi",,"=""1547617276""","=""9781547617272""",0,Bloomsbury YA,Hardcover,368,2026,2026,,2026/09/10,"to-read, not-bought, romantasy","to-read (#206), not-bought (#243), romantasy (#135)",to-read,,,,0,0
232778705,Little Alibis & Sleigh Rides (Dark Holiday #3),Lashell Rain,"Rain, Lashell",,"=""1962157075""","=""9781962157070""",0,Lashell Rain,Kindle Edition,165,2025,,,2026/09/10,"to-read, not-bought, adult, contemporary","to-read (#205), not-bought (#242), adult (#148), contemporary (#68)",to-read,,,,0,0
218912305,Little Horrors & Deceptions (Dark Holiday #2),Lashell Rain,"Rain, Lashell",,"=""1962157040""","=""9781962157049""",0,Lashell Rain,Kindle Edition,165,2024,,,2026/09/10,"to-read, not-bought, adult, contemporary","to-read (#204), not-bought (#241), adult (#147), contemporary (#67)",to-read,,,,0,0
56916837,To Kill a Mockingbird,Harper Lee,"Lee, Harper",,"=""""","=""""",0,Harper Perennial Modern Classics,Paperback,323,2021,1960,,2026/09/10,"to-read, not-bought, historical","to-read (#203), not-bought (#239), historical (#1)",to-read,,,,0,0
61439040,1984,George Orwell,"Orwell, George",Thomas Pynchon,"=""0452284236""","=""9780452284234""",0,Plume,Paperback,368,2022,1949,,2026/09/10,"to-read, not-bought, dystopian","to-read (#202), not-bought (#238), dystopian (#36)",to-read,,,,0,0
211200239,"Lights Out (Into Darkness, #1)",Navessa Allen,"Allen, Navessa",,"=""1638932239""","=""9781638932239""",5.0,Slowburn,Paperback,416,2024,2024,2026/08/25,2025/10/23,"adult, contemporary, bought","adult (#45), contemporary (#30), bought (#63)",read,,,,1,0
40097951,The Silent Patient,Alex Michaelides,"Michaelides, Alex",,"=""1250301696""","=""9781250301697""",5.0,Celadon Books,Hardcover,336,2019,2019,2026/09/10,2026/09/10,"bought, mystery","bought (#64), mystery (#17)",read,Mind FUCKED,,,1,0
220237323,"The Defender (Gods of the Game, #2)",Ana Huang,"Huang, Ana",,"=""""","=""""",1.0,,Kindle Edition,466,2025,2025,,2026/08/14,"adult, contemporary, not-bought, did-not-finish","adult (#145), contemporary (#65), not-bought (#237), did-not-finish (#9)",did-not-finish,,,,1,0
237833933,"Stop Letting Everything Affect You: How to Break Free from Overthinking, Emotional Chaos, and Self-Sabotage",Daniel Chidiac,"Chidiac, Daniel",,"=""176411082X""","=""9781764110822""",0,Undercover Publishing House Pty Ltd,Kindle Edition,171,2025,,,2026/08/01,"to-read, nonfiction, not-bought","to-read (#201), nonfiction (#7), not-bought (#236)",to-read,,,,0,0
245088181,Midnight Message,Avina St. Graves,"Graves, Avina St.",,"=""0473771780""","=""9780473771782""",3.0,,Kindle Edition,420,2026,,2026/08/01,2026/07/28,"adult, contemporary, not-bought","adult (#144), contemporary (#64), not-bought (#235)",read,"She does not hate sports?? She just can't play them. I was misled.<br/><br/>I loveddd this book! Would've been a 4.5 stars but the start of Act 3 put me off. Felt too middle-school-relationship-y... Loved the battle sequence that followed tho. The starting of the book was put very beautifully. <br/><br/>One thing I would've loved was making her AS unhinged as him, not JUST unhinged. She's crazy, for sure, but he's crazier. God, I want to read a book where HE has to come to terms with HER craziness because why is it always the other way around?",,,1,0
16322,"The A.B.C. Murders (Hercule Poirot, #13)",Agatha Christie,"Christie, Agatha",,"=""1579126243""","=""9781579126247""",0,Black Dog & Leventhal Pub,Hardcover,207,2006,1936,,2026/07/19,"bought, mystery, did-not-finish","bought (#62), mystery (#16), did-not-finish (#8)",did-not-finish,,,,1,0
52871061,"The Predator (Dark Verse, #1)",RuNyx,"RuNyx, RuNyx",,"=""""","=""""",3.0,,Paperback,318,2020,2020,2024/07/25,2024/12/05,"adult, not-bought, contemporary","adult (#13), not-bought (#30), contemporary (#11)",read,,,,1,0
6442769,Paper Towns,John  Green,"Green, John",Gázsity Mila,"=""014241493X""","=""9780142414934""",0,Speak,Paperback,305,2009,2008,,2026/07/13,"to-read, contemporary, not-bought","to-read (#200), contemporary (#63), not-bought (#234)",to-read,,,,0,0
240019780,The Anniversary,Alex Finlay,"Finlay, Alex",,"=""1250360757""","=""9781250360755""",0,Minotaur Books,Hardcover,325,2026,2026,,2026/07/12,"to-read, mystery, not-bought","to-read (#199), mystery (#15), not-bought (#233)",to-read,,,,0,0
123429195,That's Not My Name,Megan Lally,"Lally, Megan",,"=""1728270111""","=""9781728270111""",0,Sourcebooks Fire,Paperback,297,2023,2023,,2026/07/12,"to-read, mystery, not-bought","to-read (#198), mystery (#14), not-bought (#232)",to-read,,,,0,0
243502725,"In the Wake of the Ruined (The Siren Mage, #2)",Kalie Cassidy,"Cassidy, Kalie",,"=""0316587583""","=""9780316587587""",0,"Little, Brown and Company",Paperback,432,2026,2026,,2026/07/12,"to-read, not-bought, romantasy","to-read (#197), not-bought (#231), romantasy (#134)",to-read,,,,0,0
231698932,"King of Gluttony (Kings of Sin, #6)",Ana Huang,"Huang, Ana",,"=""""","=""""",3.0,Piatkus,Kindle Edition,434,2026,2026,2026/07/11,2025/10/21,"adult, contemporary, not-bought","adult (#77), contemporary (#9), not-bought (#134)",read,"I read this immediately after King of Envy, so the plot twists were a little bleak. But LOVED the subtle casual emphasis on love, rather than the mafia-love-or-die adrenaline rush that was Vuk Markovic",,,1,0
252835223,Golden Tongue (Silver Tongue #2),Gabrielle R Herd,"Herd, Gabrielle R",,"=""0645495158""","=""9780645495157""",0,Peopleplanetprofit Pty Ltd,Paperback,444,2026,2026,,2026/07/10,"to-read, adult, not-bought, romantasy","to-read (#196), adult (#143), not-bought (#230), romantasy (#133)",to-read,,,,0,0
61234915,"Silver Tongue (Silver Tongue, #1)",Gabrielle R Herd,"Herd, Gabrielle R",,"=""0645495115""","=""9780645495119""",0,Peopleplanetprofit Pty Ltd,Paperback,375,2022,2022,,2026/07/10,"to-read, adult, not-bought, romantasy","to-read (#195), adult (#142), not-bought (#229), romantasy (#132)",to-read,,,,0,0
210825471,"King of Envy (Kings of Sin, #5)",Ana Huang,"Huang, Ana",,"=""""","=""""",5.0,,Kindle Edition,530,2025,2025,2026/07/08,2024/12/05,"adult, not-bought, contemporary","adult (#5), not-bought (#26), contemporary (#8)",read,CHALANT YEARNING WITH AWKWARDNESS AND MURDER IS WHAT WE NEEDED THANK YOU ANA HUANG,,,1,0
58864266,Manifest: 7 Steps to Living Your Best Life,Roxie Nafousi,"Nafousi, Roxie",,"=""0241539595""","=""9780241539590""",0,Michael Joseph,Hardcover,192,2022,2022,,2025/10/26,"bought, nonfiction, did-not-finish","bought (#55), nonfiction (#6), did-not-finish (#7)",did-not-finish,,,,1,0
33623863,"Sold (Highest Bidder, #2)",Lauren Landish,"Landish, Lauren",Willow Winters,"=""""","=""""",0,,Kindle Edition,294,2016,2016,,2025/10/22,did-not-finish,did-not-finish (#1),did-not-finish,,,,1,0
197697866,"A Game of Love and Betrayal (The Choosing Chronicles, #1)",Elayna R. Gallea,"Gallea, Elayna R.",,"=""1998219097""","=""9781998219094""",0,Amazon Digital Services,Kindle Edition,410,2024,2024,,2025/10/22,did-not-finish,did-not-finish (#2),did-not-finish,,,,1,0
18710190,"Allegiant (Divergent, #3)",Veronica Roth,"Roth, Veronica",,"=""0007524277""","=""9780007524273""",0.0,HarperCollins Children's Book's,Hardcover,531,2013,2013,,2024/12/05,did-not-finish,did-not-finish (#4),did-not-finish,Spoiled the book for myself when looking at fanart 😭✋,,,0,0
53086843,"You've Reached Sam (You've Reached Sam, #1)",Dustin Thao,"Thao, Dustin",,"=""1250762030""","=""9781250762030""",0,Wednesday Books,Hardcover,296,2021,2021,,2025/05/14,did-not-finish,did-not-finish (#3),did-not-finish,,,,1,0
61767292,"Icebreaker (UCMH, #1)",Hannah  Grace,"Grace, Hannah",,"=""""","=""""",0,Pig & Bear Publishing,Kindle Edition,447,2022,2022,,2024/12/05,"did-not-finish, bought","did-not-finish (#6), bought (#61)",did-not-finish,,,,0,0
165944055,"Moments of Malevolence (The Hunters, #1)",T.L.  Smith,"Smith, T.L.",,"=""""","=""""",0,,Kindle Edition,326,2023,2023,,2024/12/05,did-not-finish,did-not-finish (#5),did-not-finish,,,,0,0
242687797,"War of Fire and Fury (Flame and Thorns, #5)",Marion Blackwood,"Blackwood, Marion",,"=""9198904469""","=""9789198904468""",0,Black Dagger Publishing,Kindle Edition,524,2026,2026,,2026/01/07,"to-read, not-bought, romantasy","to-read (#194), not-bought (#228), romantasy (#131)",to-read,,,,0,0
236022566,"Realm of Wind and Vines (Flame and Thorns, #4)",Marion Blackwood,"Blackwood, Marion",,"=""9198904388""","=""9789198904383""",0,Black Dagger Publishing,Kindle Edition,402,2025,2025,,2026/01/07,"to-read, not-bought, romantasy","to-read (#193), not-bought (#227), romantasy (#130)",to-read,,,,0,0
228164259,"Court of Lies and Deceit (Flame and Thorns, #3)",Marion Blackwood,"Blackwood, Marion",,"=""9198904345""","=""9789198904345""",0,Black Dagger Publishing,Kindle Edition,398,2025,2025,,2026/01/07,"to-read, not-bought, romantasy","to-read (#192), not-bought (#226), romantasy (#129)",to-read,,,,0,0
220500719,"Throne of Ice and Blood (Flame and Thorns, #2)",Marion Blackwood,"Blackwood, Marion",,"=""9198904302""","=""9789198904307""",0,Black Dagger Publishing,Kindle Edition,410,2025,2025,,2026/01/07,"to-read, not-bought, romantasy","to-read (#191), not-bought (#225), romantasy (#128)",to-read,,,,0,0
217477109,"Empire of Flame and Thorns (Flame and Thorns, #1)",Marion Blackwood,"Blackwood, Marion",,"=""9198904264""","=""9789198904260""",0,Black Dagger Publishing,Kindle Edition,366,2024,2024,,2026/01/07,"to-read, not-bought, romantasy","to-read (#190), not-bought (#224), romantasy (#127)",to-read,,,,0,0
203295198,"Restitution (The Edge of Darkness, #3)",Leigh Rivers,"Rivers, Leigh",,"=""""","=""""",5.0,,ebook,525,2024,,2025/11/22,2025/08/24,"adult, contemporary, not-bought","adult (#120), contemporary (#49), not-bought (#193)",read,pain. pain. some more pain. HAPPY ENDING 🥳,,,1,0
201489094,"Voracious (The Edge of Darkness, #2)",Leigh Rivers,"Rivers, Leigh",,"=""""","=""""",5.0,,ebook,399,2023,2023,2025/11/19,2025/08/24,"adult, contemporary, not-bought","adult (#119), contemporary (#48), not-bought (#192)",read,"pain. pain. and more pain. oh and ykw? MORE PAIN<br/><br/>I don’t KNOW WHETHER TO CRY, REPULSE, OR FREAK OUT 😭😭<br/><br/><br/>THE WRITING WAS SO GOOD IT FELT LIKE I WAS ACTUALLY IN THERE EXPERIENCING ALL THE THINGS KADE AND STACEY WERE 😭😭<br/><br/>The whiplash was worse than Haunting -> Hunting Adeline ",,,2,0
187012471,"Insatiable (The Edge of Darkness, #1)",Leigh Rivers,"Rivers, Leigh",,"=""""","=""""",4.0,Nielsen,ebook,413,2023,2023,2025/11/14,2025/08/24,"adult, contemporary, not-bought","adult (#118), contemporary (#47), not-bought (#191)",read,OH MY GODDDDDD<br/>I LOVE THIS TROPE WHATEVER THIS IS<br/>DARK ROMANCE WITH ALL THE FLUFF OF HIGH SCHOOL ROMANCE??? SO MUCH SMUT AND SO MUCH LOVE <br/><br/>Kade is absolutely the dumbest man I have ever read but omfg the story is so addicting,,,1,0
111450,Quidditch Through the Ages,J.K. Rowling,"Rowling, J.K.",Kennilworthy Whisp,"=""0439321611""","=""9780439321617""",1.0,Scholastic,Hardcover,105,2001,2001,,2024/12/05,"bought, fantasy","bought (#10), fantasy (#54)",read,,,,1,0
3950967,"The Tales of Beedle the Bard (Hogwarts Library, #3)",J.K. Rowling,"Rowling, J.K.",Hermione Granger,"=""0747599874""","=""9780747599876""",1.0,Bloomsbury,Hardcover,105,2008,2008,,2024/12/05,"bought, fantasy","bought (#11), fantasy (#53)",read,,,,1,0
41899,Fantastic Beasts and Where to Find Them,Newt Scamander,"Scamander, Newt",J.K. Rowling,"=""0439321603""","=""9780439321600""",5.0,"Obscurous Books, Arthur A. Levine Books",Hardcover,128,2001,2001,,2024/12/05,"bought, fantasy","bought (#12), fantasy (#52)",read,,,,1,0
28857930,Hotel Valhalla Guide to the Norse Worlds,Rick Riordan,"Riordan, Rick",Yori Elita Narpati,"=""1484785541""","=""9781484785546""",0,Disney-Hyperion Books,Hardcover,176,2016,2016,,2024/12/05,"to-read, fantasy, not-bought, norse","to-read (#6), fantasy (#4), not-bought (#76), norse (#5)",to-read,,,,0,0
63035432,"The Chalice of the Gods (Percy Jackson and the Olympians: The Senior Year Adventures, #1)",Rick Riordan,"Riordan, Rick",,"=""1368098177""","=""9781368098175""",0,Disney Hyperion,Hardcover,288,2023,2023,2024/06/01,2024/12/05,"bought, fantasy, greek","bought (#5), fantasy (#51), greek (#31)",read,,,,1,0
4556058,"The Last Olympian (Percy Jackson and the Olympians, #5)",Rick Riordan,"Riordan, Rick",,"=""1423101472""","=""9781423101475""",0,Disney-Hyperion Books,Hardcover,381,2009,2009,2023/12/01,2024/12/05,"bought, fantasy, greek","bought (#4), fantasy (#50), greek (#30)",read,,,,1,0
8130423,"The Battle of the Labyrinth (Percy Jackson and the Olympians, #4)",Rick Riordan,"Riordan, Rick",,"=""""","=""""",0,Disney Hyperion,Kindle Edition,361,2009,2008,2023/12/01,2024/12/05,"bought, fantasy, greek","bought (#29), fantasy (#49), greek (#29)",read,,,,1,0
561456,"The Titan’s Curse (Percy Jackson and the Olympians, #3)",Rick Riordan,"Riordan, Rick",,"=""""","=""""",0,Puffin Books,Kindle Edition,352,2007,2007,2023/12/01,2024/12/05,"bought, fantasy, greek","bought (#3), fantasy (#48), greek (#28)",read,,,,1,0
40727118,"The Sea of Monsters (Percy Jackson and the Olympians, #2)",Rick Riordan,"Riordan, Rick",مریم حیدری,"=""0120000318""","=""9780120000319""",0,Disney-Hyperion,Hardcover,279,,2006,2023/12/01,2024/12/05,"bought, fantasy, greek","bought (#2), fantasy (#47), greek (#27)",read,,,,1,0
28187,"The Lightning Thief (Percy Jackson and the Olympians, #1)",Rick Riordan,"Riordan, Rick",,"=""0786838655""","=""9780786838653""",0,Disney Hyperion Books,Paperback,377,2006,2005,2023/12/01,2024/12/05,"bought, fantasy, greek","bought (#1), fantasy (#46), greek (#26)",read,,,,1,0
63028719,"The Sun and the Star (The Nico di Angelo Adventures, #1)",Rick Riordan,"Riordan, Rick",Mark Oshiro,"=""1368081347""","=""9781368081344""",5.0,Disney Hyperion,Kindle Edition,480,2023,2023,2024/02/03,2024/12/05,"bought, greek, romantasy, lgbtq","bought (#30), greek (#11), romantasy (#45), lgbtq (#5)",read,,,,1,0
195474691,Don't Hate Me,Eden Emory,"Emory, Eden",,"=""""","=""""",0,,Unknown Binding,,,2023,,2025/05/14,"to-read, adult, contemporary, not-bought, lgbtq","to-read (#92), adult (#140), contemporary (#61), not-bought (#214), lgbtq (#4)",to-read,,,,0,0
88415523,Don't Forget Me,Eden Emory,"Emory, Eden",Elle Mae,"=""1959187031""","=""9781959187035""",0,,Paperback,,2023,2023,,2025/05/14,"to-read, adult, contemporary, not-bought, lgbtq","to-read (#91), adult (#139), contemporary (#60), not-bought (#213), lgbtq (#3)",to-read,,,,0,0
63590066,Don't Leave Me,Eden Emory,"Emory, Eden",Elle Mae,"=""""","=""9798986020389""",0,,ebook,292,,2023,,2025/05/14,"to-read, adult, contemporary, not-bought, lgbtq","to-read (#90), adult (#138), contemporary (#59), not-bought (#212), lgbtq (#2)",to-read,,,,0,0
62069043,Don't Stop Me,Eden Emory,"Emory, Eden",Elle Mae,"=""""","=""9798986020327""",0,Elle Mae,Paperback,316,2022,2022,,2025/05/14,"to-read, adult, contemporary, not-bought, lgbtq","to-read (#89), adult (#137), contemporary (#58), not-bought (#211), lgbtq (#1)",to-read,,,,0,0
38463343,9 From the Nine Worlds,Rick Riordan,"Riordan, Rick",,"=""1368024041""","=""9781368024044""",0,Disney-Hyperion,Hardcover,176,2018,2018,,2024/12/05,"to-read, fantasy, not-bought, norse","to-read (#5), fantasy (#3), not-bought (#75), norse (#4)",to-read,,,,0,0
15724396,"The Sword of Summer (Magnus Chase and the Gods of Asgard, #1)",Rick Riordan,"Riordan, Rick",,"=""1423160916""","=""9781423160915""",0,Disney-Hyperion Books,Hardcover,491,2015,2015,2024/02/01,2024/12/05,"not-bought, fantasy, norse","not-bought (#16), fantasy (#45), norse (#3)",read,,,,1,0
28006120,"The Ship of the Dead (Magnus Chase and the Gods of Asgard, #3)",Rick Riordan,"Riordan, Rick",,"=""1423160932""","=""9781423160939""",0,Disney-Hyperion Books,Hardcover,410,2017,2017,2024/02/01,2024/12/05,"not-bought, fantasy, norse","not-bought (#18), fantasy (#44), norse (#2)",read,,,,1,0
27904311,"The Hammer of Thor (Magnus Chase and the Gods of Asgard, #2)",Rick Riordan,"Riordan, Rick",,"=""1423160924""","=""9781423160922""",0,Disney-Hyperion Books,Hardcover,459,2016,2016,2024/02/01,2024/12/05,"not-bought, fantasy, norse","not-bought (#17), fantasy (#43), norse (#1)",read,,,,1,0
7736182,"The Lost Hero (The Heroes of Olympus, #1)",Rick Riordan,"Riordan, Rick",,"=""142311339X""","=""9781423113393""",0,Disney-Hyperion Books,Hardcover,576,2010,2010,2024/01/01,2024/12/05,"not-bought, fantasy, greek","not-bought (#6), fantasy (#42), greek (#25)",read,,,,1,0
227982174,"Untitled (Percy Jackson and the Olympians: The Senior Year Adventures, #3)",Rick Riordan,"Riordan, Rick",,"=""""","=""""",0,,Hardcover,,2027,,,2025/10/21,"to-read, not-bought, fantasy, greek","to-read (#125), not-bought (#5), fantasy (#41), greek (#24)",to-read,,,,0,0
27396489,The Demigod Files (Percy Jackson and the Olympians),Rick Riordan,"Riordan, Rick",Jesse Bernstein,"=""0739381245""","=""9780739381243""",0,Listening Library,Audiobook,3,2009,2009,,2024/12/05,"not-bought, fantasy, greek","not-bought (#1), fantasy (#40), greek (#23)",read,,,,1,0
128123545,Death's Obsession,Avina St. Graves,"Graves, Avina St.",,"=""""","=""""",5.0,,ebook,178,2023,2023,2025/11/02,2024/12/05,"adult, contemporary, not-bought, romantasy","adult (#141), contemporary (#62), not-bought (#223), romantasy (#126)",read,"<b>Oh. My. God.</b><br/>The nicknames, <i>the nicknames!!!</i><br/>The consent: He immediately stopped when she told him to.<br/>The coaxing her out of her comfort zone<br/>The healing every part of her that hasn't gotten to see the day of light after the accident<br/>The speed the slowness the tension the passion<br/><i><b>Oh. My. God.</b></i><br/><br/>Lilith is the victim of a car accident. She swears she dies and came back to life but no one believes her.<br/>For years, a stalker — whom she calls the Faceless Man — has been leaving her Lilies in her work locker and secret letters with romantic messages. She hasn’t told anyone, as she’s already on medication and in therapy.<br/><br/>Her boyfriend is a bitch and a cheater. No more emphasis on that.<br/><br/>— the first spicy scene. HE didn’t EVEN FUCK HER. Zade Meadows could never. Doesn’t even compare.<br/><br/>Letum, the grim reaper, set up a very well cooked dinner for Lili and she is not used to this, because of tight finances. So she enjoyed her dinner and went to bed happy.<br/><br/>Then she dreamed, and <b>oh boy</b> did she dream.<br/><br/>The way the Grim Reaper took consent and then <i>abused the fuck out of it <b>oh my Goddddddddd</b></i><br/><br/>while he was doing his thing, Lilith said stop, I want to know your name; and he stopped immediately. Like immediately. No hesitation.<br/><br/>And during the entire process, he emphasised that Lili had to use her words if she wanted something, she had to spell it out for him. He coaxed her out of the hiding place inside her mind. <br/>He made her relax. He made her happy again after so many years after the accident.<br/> <br/>And oh MY GODDDDDDD THE WRITING THE WRITING THE WRITING<br/><br/>Melted my heart, fucked with my brain chemistry!!! The most beautiful writing I’ve ever read.",,,1,0
5,"Harry Potter and the Prisoner of Azkaban (Harry Potter, #3)",J.K. Rowling,"Rowling, J.K.",Mary GrandPré,"=""043965548X""","=""9780439655484""",5.0,Scholastic Inc.,Mass Market Paperback,547,2004,1999,2022/01/01,2024/12/05,"bought, fantasy","bought (#24), fantasy (#35)",read,"Definitely the best book of the series.<br/><br/>Not too gloomy, not too mellow, a very good plotline. Too bad the author’s a terrible person, though.",,,2,0
29056083,"Harry Potter and the Cursed Child: Parts One and Two (Harry Potter, #8)",J.K. Rowling,"Rowling, J.K.","Jack Thorne, John Tiffany","=""0540027340""","=""9780540027347""",0,"Little, Brown",Hardcover,343,2016,2016,,2025/10/30,no,no (#8),no,,,,0,0
136251,"Harry Potter and the Deathly Hallows (Harry Potter, #7)",J.K. Rowling,"Rowling, J.K.",,"=""""","=""""",0,Arthur A. Levine Books,Hardcover,759,2007,2007,2022/01/01,2024/12/05,"bought, fantasy","bought (#28), fantasy (#39)",read,,,,1,0
1,"Harry Potter and the Half-Blood Prince (Harry Potter, #6)",J.K. Rowling,"Rowling, J.K.",,"=""""","=""""",0,Scholastic Inc,Paperback,652,2006,2005,2022/01/01,2024/12/05,"bought, fantasy","bought (#27), fantasy (#38)",read,,,,1,0
2,"Harry Potter and the Order of the Phoenix (Harry Potter, #5)",J.K. Rowling,"Rowling, J.K.",Mary GrandPré,"=""""","=""""",0,Scholastic Inc.,Paperback,576,2004,2003,2022/01/01,2024/12/05,"bought, fantasy","bought (#26), fantasy (#37)",read,,,,1,0
6,"Harry Potter and the Goblet of Fire (Harry Potter, #4)",J.K. Rowling,"Rowling, J.K.",Mary GrandPré,"=""0439139597""","=""9780439139595""",0,Scholastic,Paperback,734,2002,2000,2022/01/01,2024/12/05,"bought, fantasy","bought (#25), fantasy (#36)",read,,,,1,0
15881,"Harry Potter and the Chamber of Secrets (Harry Potter, #2)",J.K. Rowling,"Rowling, J.K.",Mary GrandPré,"=""""","=""""",0,Arthur A. Levine Books,Hardcover,341,1999,1998,2022/01/01,2024/12/05,"bought, fantasy","bought (#23), fantasy (#34)",read,,,,1,0
22841994,"Harry Potter and the Philosopher's Stone (Harry Potter, #1)",J.K. Rowling,"Rowling, J.K.",,"=""1408855658""","=""9781408855652""",0,Bloomsbury,Paperback,332,2014,1997,2022/01/01,2024/12/05,"bought, fantasy","bought (#22), fantasy (#33)",read,,,,1,0
36369960,"Brooklyn House Magician's Manual: Your Guide to Egyptian Gods & Creatures, Glyphs & Spells, and More (The Kane Chronicles)",Rick Riordan,"Riordan, Rick","James Firnhaber, Michelle Gengaro-Kokmen","=""""","=""""",0,Disney-Hyperion Books,Kindle Edition,173,2018,2018,,2024/12/05,"to-read, fantasy, not-bought, egypt","to-read (#49), fantasy (#8), not-bought (#94), egypt (#6)",to-read,,,,1,0
12630405,The Kane Chronicles Survival Guide,Rick Riordan,"Riordan, Rick",,"=""1423153626""","=""9781423153627""",0,Disney-Hyperion Books,Hardcover,144,2012,2012,,2024/12/05,"to-read, fantasy, not-bought, egypt","to-read (#50), fantasy (#7), not-bought (#93), egypt (#5)",to-read,,,,1,0
12893742,"The Serpent's Shadow (The Kane Chronicles, #3)",Rick Riordan,"Riordan, Rick",,"=""1423140575""","=""9781423140573""",0,Hyperion Books,Hardcover,406,2012,2012,2024/02/01,2024/12/05,"not-bought, egypt, fantasy","not-bought (#21), egypt (#4), fantasy (#32)",read,,,,1,0
7090447,"The Red Pyramid (The Kane Chronicles, #1)",Rick Riordan,"Riordan, Rick",,"=""1423113381""","=""9781423113386""",0,Disney Hyperion,Hardcover,528,2010,2010,2024/02/01,2024/12/05,"not-bought, egypt, fantasy","not-bought (#19), egypt (#2), fantasy (#31)",read,,,,1,0
9067850,"The Throne of Fire (The Kane Chronicles, #2)",Rick Riordan,"Riordan, Rick",,"=""1423140567""","=""9781423140566""",0,Hyperion Books for Children,Hardcover,452,2011,2011,2024/02/01,2024/12/05,"not-bought, egypt, fantasy","not-bought (#20), egypt (#3), fantasy (#30)",read,,,,1,0
26031279,Demigods & Magicians: Percy and Annabeth Meet the Kanes,Rick Riordan,"Riordan, Rick",,"=""1484732782""","=""9781484732786""",0,Disney-Hyperion Books,Hardcover,224,2016,2016,,2024/12/05,"fantasy, greek, not-bought, egypt","fantasy (#29), greek (#22), not-bought (#222), egypt (#1)",read,,,,1,0
30835803,Camp Half-Blood Confidential (The Trials of Apollo),Rick Riordan,"Riordan, Rick",Jesse Bernstein,"=""0241327121""","=""9780241327128""",0,Penguin Random House Children's UK,Audiobook,4,2017,2017,,2024/12/05,"fantasy, greek, not-bought","fantasy (#28), greek (#21), not-bought (#221)",read,,,,1,0
50183880,Camp Jupiter Classified: A Probatio's Journal,Rick Riordan,"Riordan, Rick",,"=""0241394171""","=""9780241394175""",0,Puffin,Hardcover,146,2020,2020,,2024/12/05,"fantasy, greek, not-bought","fantasy (#27), greek (#20), not-bought (#220)",read,,,,1,0
12959086,The Demigod Diaries (The Heroes of Olympus),Rick Riordan,"Riordan, Rick",,"=""1423163001""","=""9781423163008""",0,Disney-Hyperion Books,Hardcover,244,2012,2012,,2024/12/05,"fantasy, greek, not-bought","fantasy (#26), greek (#19), not-bought (#219)",read,,,,1,0
62804258,"The Brothers Hawthorne (The Inheritance Games, #4)",Jennifer Lynn Barnes,"Barnes, Jennifer Lynn",,"=""0316480770""","=""9780316480772""",0,"Little, Brown Books for Young Readers",Hardcover,480,2023,2023,,2025/05/14,"to-read, mystery, not-bought","to-read (#88), mystery (#13), not-bought (#218)",to-read,,,,0,0
58658940,"The Final Gambit (The Inheritance Games, #3)",Jennifer Lynn Barnes,"Barnes, Jennifer Lynn",,"=""""","=""9780316371124""",0,"Little, Brown Books for Young Readers",Kindle Edition,400,2022,2022,,2025/05/14,"to-read, mystery, not-bought","to-read (#87), mystery (#12), not-bought (#217)",to-read,,,,0,0
50531218,"The Hawthorne Legacy (The Inheritance Games, #2)",Jennifer Lynn Barnes,"Barnes, Jennifer Lynn",,"=""0241480744""","=""9780241480748""",0,Penguin,Hardcover,380,2021,2021,,2025/05/14,"to-read, mystery, not-bought","to-read (#86), mystery (#11), not-bought (#216)",to-read,,,,0,0
52439531,"The Inheritance Games (The Inheritance Games, #1)",Jennifer Lynn Barnes,"Barnes, Jennifer Lynn",,"=""1368052401""","=""9781368052405""",0,"Little, Brown Books for Young Readers",Hardcover,386,2020,2020,,2025/05/14,"to-read, mystery, not-bought","to-read (#85), mystery (#10), not-bought (#215)",to-read,,,,0,0
219304432,"A Cage of Kingdoms (Deliciously Dark Fairytales, #6)",K.F. Breene,"Breene, K.F.",,"=""""","=""""",0,,Kindle Edition,539,2024,2024,,2025/05/14,"to-read, adult, not-bought, romantasy","to-read (#99), adult (#136), not-bought (#210), romantasy (#125)",to-read,,,,0,0
213072197,"A Cage of Crimson (Deliciously Dark Fairytales, #5)",K.F. Breene,"Breene, K.F.",,"=""""","=""""",0,,ebook,479,2024,2024,,2025/05/14,"to-read, adult, not-bought, romantasy","to-read (#98), adult (#135), not-bought (#209), romantasy (#124)",to-read,,,,0,0
60370494,"A Queen of Ruin (Deliciously Dark Fairytales, #4)",K.F. Breene,"Breene, K.F.",,"=""""","=""""",0,,Kindle Edition,752,2022,2022,,2025/05/14,"to-read, adult, not-bought, romantasy","to-read (#97), adult (#134), not-bought (#208), romantasy (#123)",to-read,,,,0,0
59606387,"A Kingdom of Ruin (Deliciously Dark Fairytales, #3)",K.F. Breene,"Breene, K.F.",,"=""""","=""""",0,"Hazy Dawn Press, Inc.",Kindle Edition,594,2022,2021,,2025/05/14,"to-read, adult, not-bought, romantasy","to-read (#96), adult (#133), not-bought (#207), romantasy (#122)",to-read,,,,0,0
59073456,"A Throne of Ruin (Deliciously Dark Fairytales, #2)",K.F. Breene,"Breene, K.F.",,"=""""","=""""",0,"Hazy Dawn Press, Inc.",Kindle Edition,620,2021,2021,,2025/05/14,"to-read, adult, not-bought, romantasy","to-read (#95), adult (#132), not-bought (#206), romantasy (#121)",to-read,,,,0,0
58785677,"A Ruin of Roses (Deliciously Dark Fairytales, #1)",K.F. Breene,"Breene, K.F.",,"=""""","=""""",0,Independently Published,Kindle Edition,386,2021,2021,,2025/05/14,"to-read, adult, not-bought, romantasy","to-read (#94), adult (#131), not-bought (#205), romantasy (#120)",to-read,,,,0,0
207574414,Return of Eve (Emilia of the Solstice Realm Book 1),Daphne Paige,"Paige, Daphne",,"=""""","=""""",0,Popcorn Publishing,Kindle Edition,356,2024,,,2025/05/14,"to-read, not-bought, romantasy","to-read (#101), not-bought (#204), romantasy (#119)",to-read,,,,0,0
219209851,"The Things Gods Break (The Crucible, #2)",Abigail Owen,"Owen, Abigail",,"=""164937853X""","=""9781649378538""",0,Entangled: Red Tower Books,Hardcover,528,2025,2025,,2025/05/17,"to-read, adult, greek, not-bought, romantasy","to-read (#110), adult (#130), greek (#18), not-bought (#203), romantasy (#118)",to-read,,,,0,0
197363933,"The Games Gods Play (The Crucible, #1)",Abigail Owen,"Owen, Abigail",,"=""1649376561""","=""9781649376565""",0,Entangled: Red Tower Books,Hardcover,509,2024,2024,,2025/05/17,"to-read, adult, greek, not-bought, romantasy","to-read (#109), adult (#129), greek (#17), not-bought (#202), romantasy (#117)",to-read,,,,0,0
57932307,"One of Us Is Back (One of Us Is Lying, #3)",Karen M. McManus,"McManus, Karen M.",,"=""0593485033""","=""9780593485033""",0,Delacorte,Kindle Edition,368,2023,2023,,2025/07/24,"to-read, bought, mystery","to-read (#113), bought (#60), mystery (#9)",to-read,,,,0,0
44654627,"One of Us Is Next (One of Us Is Lying, #2)",Karen M. McManus,"McManus, Karen M.",,"=""0525707964""","=""9780525707967""",0,Delacorte Press for Young Readers,Hardcover,377,2020,2020,,2025/07/24,"to-read, bought, mystery","to-read (#112), bought (#59), mystery (#8)",to-read,,,,0,0
58679358,"One of Us Is Lying (One of Us is Lying, #1)",Karen M. McManus,"McManus, Karen M.",,"=""0593565371""","=""9780593565377""",0,Delacorte Press,Hardcover,416,2021,2017,,2025/07/24,"to-read, bought, mystery","to-read (#111), bought (#58), mystery (#7)",to-read,,,,0,0
204693907,Graves,Katelyn Taylor,"Taylor, Katelyn",,"=""""","=""""",0,Stomill Books,Kindle Edition,457,2024,2024,,2025/08/22,"to-read, adult, contemporary, not-bought","to-read (#114), adult (#128), contemporary (#57), not-bought (#201)",to-read,,,,0,0
215999522,"God of War (Legacy of Gods, #6)",Rina Kent,"Kent, Rina",,"=""1464237417""","=""9781464237416""",0,Bloom Books,Paperback,592,2025,2024,,2025/08/24,"to-read, adult, contemporary, not-bought","to-read (#121), adult (#127), contemporary (#56), not-bought (#200)",to-read,,,,0,0
213775782,"God of Fury (Legacy of Gods, #5)",Rina Kent,"Kent, Rina",,"=""1464237409""","=""9781464237409""",0,Bloom Books,Paperback,624,2025,2023,,2025/08/24,"to-read, adult, contemporary, not-bought","to-read (#120), adult (#126), contemporary (#55), not-bought (#199)",to-read,,,,0,0
213775776,"God of Ruin (Legacy of Gods, #4)",Rina Kent,"Kent, Rina",,"=""1464237328""","=""9781464237324""",0,Bloom Books,Paperback,528,2025,2023,,2025/08/24,"to-read, adult, contemporary, not-bought","to-read (#119), adult (#125), contemporary (#54), not-bought (#198)",to-read,,,,0,0
212438137,"God of Wrath (Legacy of Gods, #3)",Rina Kent,"Kent, Rina",,"=""1464237263""","=""9781464237263""",0,Bloom Books,Paperback,592,2024,2022,,2025/08/24,"to-read, adult, contemporary, not-bought","to-read (#118), adult (#124), contemporary (#53), not-bought (#197)",to-read,,,,0,0
212438144,"God of Pain (Legacy of Gods, #2)",Rina Kent,"Kent, Rina",,"=""1464237212""","=""9781464237218""",0,Bloom Books,Paperback,528,2024,2022,,2025/08/24,"to-read, adult, contemporary, not-bought","to-read (#117), adult (#123), contemporary (#52), not-bought (#196)",to-read,,,,0,0
214298303,"God of Malice (Legacy of Gods, #1)",Rina Kent,"Kent, Rina",,"=""1464238863""","=""9781464238864""",0,Bloom Books,Paperback,576,2024,2022,,2025/08/24,"to-read, adult, contemporary, not-bought","to-read (#116), adult (#122), contemporary (#51), not-bought (#195)",to-read,,,,1,0
208177256,Psychotic Obsession (The Edge of Darkness Trilogy),Leigh Rivers,"Rivers, Leigh",,"=""""","=""""",0,,Kindle Edition,442,2025,2025,,2025/08/24,"to-read, adult, contemporary, not-bought","to-read (#122), adult (#121), contemporary (#50), not-bought (#194)",to-read,,,,0,0
60909286,"Unbroken Bonds (The Bonds That Tie, #6)",J. Bree,"Bree, J.",,"=""""","=""""",0,Amazon Digital Services,Kindle Edition,542,2022,2022,,2024/12/05,"to-read, adult, not-bought, romantasy","to-read (#80), adult (#117), not-bought (#190), romantasy (#116)",to-read,,,,0,0
60654360,"Tragic Bonds (The Bonds That Tie, #5)",J. Bree,"Bree, J.",,"=""""","=""""",0,,Kindle Edition,542,2022,2022,,2024/12/05,"to-read, adult, not-bought, romantasy","to-read (#81), adult (#116), not-bought (#189), romantasy (#115)",to-read,,,,0,0
59819111,"Forced Bonds (The Bonds That Tie, #4)",J. Bree,"Bree, J.",,"=""""","=""""",0,,Kindle Edition,541,2022,2022,,2024/12/05,"to-read, adult, not-bought, romantasy","to-read (#79), adult (#115), not-bought (#188), romantasy (#114)",to-read,,,,0,0
59056313,"Blood Bonds (The Bonds that Tie, #3)",J. Bree,"Bree, J.",,"=""""","=""""",0,,Kindle Edition,541,2021,2021,,2024/12/05,"to-read, adult, not-bought, romantasy","to-read (#78), adult (#114), not-bought (#187), romantasy (#113)",to-read,,,,0,0
58410164,"Savage Bonds (The Bonds that Tie, #2)",J. Bree,"Bree, J.",,"=""""","=""""",0,,Kindle Edition,500,2021,2021,,2024/12/05,"to-read, adult, not-bought, romantasy","to-read (#77), adult (#113), not-bought (#186), romantasy (#112)",to-read,,,,0,0
58081613,"Broken Bonds (The Bonds that Tie, #1)",J. Bree,"Bree, J.",,"=""""","=""""",0,Independently Published,Kindle Edition,289,2021,2021,,2024/12/05,"to-read, adult, not-bought, romantasy","to-read (#76), adult (#112), not-bought (#185), romantasy (#111)",to-read,,,,0,0
58511154,"Empire of Lust (Empire, #4)",Rina Kent,"Kent, Rina",,"=""168545142X""","=""9781685451424""",0,"Blackthorn Books, LLC",Kindle Edition,403,2022,2022,,2024/12/05,"to-read, adult, contemporary, not-bought","to-read (#72), adult (#111), contemporary (#46), not-bought (#184)",to-read,,,,0,0
58511146,"Empire of Hate (Empire, #3)",Rina Kent,"Kent, Rina",,"=""1685451411""","=""9781685451417""",0,"Blackthorn Books, LLC",Kindle Edition,384,2022,2022,,2024/12/05,"to-read, adult, contemporary, not-bought","to-read (#71), adult (#110), contemporary (#45), not-bought (#183)",to-read,,,,0,0
58511140,"Empire of Sin (Empire, #2)",Rina Kent,"Kent, Rina",,"=""1685451403""","=""9781685451400""",0,"Blackthorn Books, LLC",Kindle Edition,406,2022,2022,,2024/12/05,"to-read, adult, contemporary, not-bought","to-read (#70), adult (#109), contemporary (#44), not-bought (#182)",to-read,,,,0,0
124928087,"Empire of Desire (Empire, #1)",Rina Kent,"Kent, Rina",,"=""168545139X""","=""9781685451394""",0,"Blackthorn Books, LLC",Kindle Edition,368,2023,2021,,2024/12/05,"to-read, adult, contemporary, not-bought","to-read (#69), adult (#108), contemporary (#43), not-bought (#181)",to-read,,,,0,0
75712384,"Bonded by Thorns (Beasts of the Briar, #1)",Elizabeth Helen,"Helen, Elizabeth",,"=""1738827909""","=""9781738827909""",0,Luna Fox Press,Kindle Edition,348,2023,2023,,2024/12/05,"to-read, adult, not-bought, romantasy","to-read (#65), adult (#107), not-bought (#180), romantasy (#110)",to-read,,,,0,0
229074526,"Prince of the Arena (Beasts of the Briar, #1.5)",Elizabeth Helen,"Helen, Elizabeth",,"=""1998945103""","=""9781998945108""",0,Luna Fox Press LTD.,Kindle Edition,170,2025,2025,,2025/10/30,"to-read, adult, not-bought, romantasy","to-read (#189), adult (#106), not-bought (#179), romantasy (#109)",to-read,,,,0,0
105733384,"Woven by Gold (Beasts of the Briar, #2)",Elizabeth Helen,"Helen, Elizabeth",,"=""1738827933""","=""9781738827930""",0,Luna Fox Press,Kindle Edition,554,2023,2023,,2024/12/05,"to-read, adult, not-bought, romantasy","to-read (#66), adult (#105), not-bought (#178), romantasy (#108)",to-read,,,,0,0
162931104,"Forged by Malice (Beasts of the Briar, #3)",Elizabeth Helen,"Helen, Elizabeth",,"=""1998945014""","=""9781998945016""",0,Luna Fox Press,Kindle Edition,596,2023,2023,,2024/12/05,"to-read, adult, not-bought, romantasy","to-read (#67), adult (#104), not-bought (#177), romantasy (#107)",to-read,,,,0,0
204083221,"Broken by Daylight (Beasts of the Briar, #4)",Elizabeth Helen,"Helen, Elizabeth",,"=""""","=""""",0,Luna Fox Press,Kindle Edition,672,2024,2024,,2024/12/05,"to-read, adult, not-bought, romantasy","to-read (#68), adult (#103), not-bought (#176), romantasy (#106)",to-read,,,,0,0
234508454,"Frozen by Stardust (Beasts of the Briar, #5)",Elizabeth Helen,"Helen, Elizabeth",,"=""1998945138""","=""9781998945139""",0,Luna Fox Press LTD,Kindle Edition,705,2026,2026,,2025/10/30,"to-read, adult, not-bought, romantasy","to-read (#188), adult (#102), not-bought (#175), romantasy (#105)",to-read,,,,0,0
227786648,Grim and Oro (Lightlark),Alex Aster,"Aster, Alex",,"=""1419785621""","=""9781419785627""",0,Harry N. Abrams,Hardcover,504,2025,2025,,2025/10/30,"to-read, not-bought, romantasy","to-read (#187), not-bought (#174), romantasy (#104)",to-read,,,,0,0
214073115,"Us Deadly Few (Us Dark Few, #2)",Alexis Patton,"Patton, Alexis",,"=""""","=""9798988117834""",0,,Kindle Edition,353,2024,2024,,2025/10/30,"to-read, dystopian, not-bought, sci-fi","to-read (#186), dystopian (#35), not-bought (#173), sci-fi (#2)",to-read,,,,0,0
174057601,"Us Dark Few (Us Dark Few, #1)",Alexis Patton,"Patton, Alexis",,"=""""","=""9798988117803""",0,Alexis Patton,Kindle Edition,321,2023,2023,,2025/10/30,"to-read, dystopian, not-bought, sci-fi","to-read (#185), dystopian (#34), not-bought (#172), sci-fi (#1)",to-read,,,,0,0
239069766,Untitled (Shard Daughters #2),Jinapher J. Hoffman,"Hoffman, Jinapher J.",,"=""""","=""""",0,,Kindle Edition,,2026,,,2025/10/30,"to-read, adult, not-bought, romantasy","to-read (#184), adult (#101), not-bought (#171), romantasy (#103)",to-read,,,,0,0
215587837,The Shard & The Serpent (Shard Daughters #1),Jinapher J. Hoffman,"Hoffman, Jinapher J.",,"=""""","=""""",0,,Kindle Edition,630,2025,,,2025/10/30,"to-read, adult, not-bought, romantasy","to-read (#183), adult (#100), not-bought (#170), romantasy (#102)",to-read,,,,0,0
216623880,"The Jasad Crown (The Scorched Throne, #2)",Sara  Hashem,"Hashem, Sara",,"=""0356520420""","=""9780356520421""",0,Orbit,Kindle Edition,681,2025,2025,,2025/10/29,"to-read, not-bought, romantasy","to-read (#182), not-bought (#169), romantasy (#101)",to-read,,,,0,0
60581370,"The Jasad Heir (The Scorched Throne, #1)",Sara  Hashem,"Hashem, Sara",,"=""0316477869""","=""9780316477864""",0,Orbit Books,Paperback,523,2023,2023,,2025/10/29,"to-read, not-bought, romantasy","to-read (#181), not-bought (#168), romantasy (#100)",to-read,,,,0,0
198954263,"Restless Stars (Zodiac Academy, #9)",Caroline Peckham,"Peckham, Caroline",Susanne Valenti,"=""""","=""""",0,King's Hollow,Kindle Edition,1109,2024,2024,,2025/10/29,"to-read, adult, dark-academia, not-bought, romantasy","to-read (#180), adult (#99), dark-academia (#11), not-bought (#167), romantasy (#99)",to-read,,,,0,0
177899172,"Beyond the Veil (Zodiac Academy, #8.5)",Caroline Peckham,"Peckham, Caroline",Susanne Valenti,"=""""","=""""",0,King's Hollow,Kindle Edition,416,2023,2023,,2025/10/29,"to-read, adult, dark-academia, not-bought, romantasy","to-read (#179), adult (#98), dark-academia (#10), not-bought (#166), romantasy (#98)",to-read,,,,0,0
59808792,"Sorrow and Starlight (Zodiac Academy, #8)",Caroline Peckham,"Peckham, Caroline",Susanne Valenti,"=""""","=""""",0,Amazon Digital Services,Kindle Edition,1242,2022,2022,,2025/10/29,"to-read, adult, dark-academia, not-bought, romantasy","to-read (#178), adult (#97), dark-academia (#9), not-bought (#165), romantasy (#97)",to-read,,,,0,0
56474282,"Heartless Sky (Zodiac Academy, #7)",Caroline Peckham,"Peckham, Caroline",Susanne Valenti,"=""""","=""""",0,Amazon Digital Services,Kindle Edition,991,2021,2021,,2025/10/29,"to-read, adult, dark-academia, not-bought, romantasy","to-read (#177), adult (#96), dark-academia (#8), not-bought (#164), romantasy (#96)",to-read,,,,0,0
53535526,"Fated Throne (Zodiac Academy, #6)",Caroline Peckham,"Peckham, Caroline",Susanne Valenti,"=""""","=""""",0,King's Hollow,Kindle Edition,823,2020,2020,,2025/10/29,"to-read, not-bought, romantasy, adult, dark-academia","to-read (#176), not-bought (#163), romantasy (#95), adult (#95), dark-academia (#7)",to-read,,,,0,0
50391615,"Cursed Fates (Zodiac Academy, #5)",Caroline Peckham,"Peckham, Caroline",Susanne Valenti,"=""""","=""""",0,King's Hollow,Kindle Edition,886,2020,2020,,2025/10/29,"to-read, not-bought, romantasy, adult, dark-academia","to-read (#175), not-bought (#162), romantasy (#94), adult (#94), dark-academia (#6)",to-read,,,,0,0
53146871,"Shadow Princess (Zodiac Academy, #4)",Caroline Peckham,"Peckham, Caroline",Susanne Valenti,"=""""","=""""",0,King's Hollow,Kindle Edition,724,2020,2020,,2025/10/29,"to-read, not-bought, romantasy, adult, dark-academia","to-read (#174), not-bought (#161), romantasy (#93), adult (#93), dark-academia (#5)",to-read,,,,0,0
49551172,"The Reckoning (Zodiac Academy, #3)",Caroline Peckham,"Peckham, Caroline",Susanne Valenti,"=""""","=""""",0,King's Hollow,Kindle Edition,562,2019,2019,,2025/10/29,"to-read, not-bought, romantasy, adult, dark-academia","to-read (#173), not-bought (#160), romantasy (#92), adult (#92), dark-academia (#4)",to-read,,,,0,0
51966347,"Ruthless Fae (Zodiac Academy, #2)",Caroline Peckham,"Peckham, Caroline",Susanne Valenti,"=""""","=""""",0,King's Hollow,Kindle Edition,475,2019,2019,,2025/10/29,"to-read, not-bought, romantasy, adult, dark-academia","to-read (#172), not-bought (#159), romantasy (#91), adult (#91), dark-academia (#3)",to-read,,,,0,0
46261182,"The Awakening (Zodiac Academy, #1)",Caroline Peckham,"Peckham, Caroline",Susanne Valenti,"=""""","=""""",0,Dark Ink Publishing,Kindle Edition,436,2019,2019,,2025/10/29,"to-read, not-bought, romantasy, adult, dark-academia","to-read (#171), not-bought (#158), romantasy (#90), adult (#90), dark-academia (#2)",to-read,,,,0,0
14061957,"Ruin and Rising (Shadow and Bone, #3)",Leigh Bardugo,"Bardugo, Leigh",,"=""""","=""""",0,Henry Holt and Company,Hardcover,432,2014,2014,,2025/05/14,"to-read, not-bought, romantasy","to-read (#106), not-bought (#157), romantasy (#89)",to-read,,,,0,0
14061955,"Siege and Storm (The Shadow and Bone Trilogy, #2)",Leigh Bardugo,"Bardugo, Leigh",,"=""""","=""""",0,Henry Holt and Company,Hardcover,435,2013,2013,,2025/05/14,"to-read, not-bought, romantasy","to-read (#105), not-bought (#156), romantasy (#88)",to-read,,,,0,0
17997353,"The Tailor (The Shadow and Bone Trilogy, #1.5)",Leigh Bardugo,"Bardugo, Leigh",,"=""""","=""""",0,Holt Children's/Macmillan,ebook,18,2013,2013,,2025/05/14,"to-read, not-bought, romantasy","to-read (#104), not-bought (#155), romantasy (#87)",to-read,,,,0,0
37834723,"Shadow and Bone (Shadow and Bone, #1)",Leigh Bardugo,"Bardugo, Leigh",,"=""0805094598""","=""9780805094596""",0,Henry Holt,Hardcover,358,2017,2012,,2025/05/14,"to-read, not-bought, romantasy","to-read (#103), not-bought (#154), romantasy (#86)",to-read,,,,0,0
59785164,"Demon in the Wood (Grishaverse, #0)",Leigh Bardugo,"Bardugo, Leigh",Dani Pendergast,"=""1250624649""","=""9781250624642""",0,Roaring Brook Press,Hardcover,203,2022,2022,,2025/05/14,"to-read, not-bought, romantasy","to-read (#102), not-bought (#153), romantasy (#85)",to-read,,,,0,0
242232422,"A Darker Shore: Letters from Ketterdam (Six of Crows, #2.5)",Leigh Bardugo,"Bardugo, Leigh",E.K. Belsher,"=""""","=""9798337404356""",0,Insight Editions,Hardcover,64,2026,2026,,2025/10/29,"to-read, not-bought, romantasy","to-read (#170), not-bought (#152), romantasy (#84)",to-read,,,,0,0
22299763,"Crooked Kingdom (Six of Crows, #2)",Leigh Bardugo,"Bardugo, Leigh",,"=""""","=""""",0,Orion Children's Books,Kindle Edition,561,2016,2016,,2025/05/14,"to-read, not-bought, romantasy","to-read (#108), not-bought (#151), romantasy (#83)",to-read,,,,0,0
23437156,"Six of Crows (Six of Crows, #1)",Leigh Bardugo,"Bardugo, Leigh",,"=""1627792120""","=""9781627792127""",0,Henry Holt & Company,Hardcover,465,2015,2015,,2025/05/14,"to-read, not-bought, romantasy","to-read (#107), not-bought (#150), romantasy (#82)",to-read,,,,0,0
210223811,Katabasis,R.F. Kuang,"Kuang, R.F.",,"=""""","=""""",0,HarperVoyager,Kindle Edition,559,2025,2025,,2025/10/29,"to-read, fantasy, not-bought, dark-academia","to-read (#169), fantasy (#25), not-bought (#149), dark-academia (#1)",to-read,,,,0,0
43521352,"Find Me (Shatter Me, #4.5-5.5)",Tahereh Mafi,"Mafi, Tahereh",,"=""0062906283""","=""9780062906281""",0,Storytide,Paperback,224,2019,2019,,2025/10/29,"to-read, bought, dystopian","to-read (#168), bought (#57), dystopian (#33)",to-read,,,,0,0
18481271,"Unite Me (Shatter Me, #1.5-2.5)",Tahereh Mafi,"Mafi, Tahereh",,"=""0062327968""","=""9780062327963""",0,HarperTeen,Paperback,197,2014,2014,,2025/10/29,"bought, dystopian","bought (#56), dystopian (#32)",read,,,,1,0
20829994,Percy Jackson's Greek Gods,Rick Riordan,"Riordan, Rick",John Rocco,"=""""","=""""",4.0,Disney Hyperion Digital,Kindle Edition,417,2014,2014,2025/10/28,2024/12/05,"bought, fantasy, greek","bought (#52), fantasy (#5), greek (#15)",read,,,,1,0
238109597,"Crown of Storm and Silence (Kingdom of Shadows, #2)",M.F. Grace,"Grace, M.F.",Maya Basol,"=""""","=""""",0,,Kindle Edition,480,2025,,,2025/10/26,"to-read, adult, not-bought, romantasy","to-read (#167), adult (#89), not-bought (#148), romantasy (#81)",to-read,,,,0,0
234317693,"Crown of Light and Ashes (Kingdom of Shadows, #1)",M.F. Grace,"Grace, M.F.",Maya Basol,"=""""","=""""",0,,Kindle Edition,374,2025,2025,,2025/10/26,"to-read, adult, not-bought, romantasy","to-read (#166), adult (#88), not-bought (#147), romantasy (#80)",to-read,,,,0,0
227556,How to Read Better and Faster,Norman  Lewis,"Lewis, Norman",,"=""0690015283""","=""9780690015287""",0,Ty Crowell Co,Hardcover,239,1978,1951,,2025/10/24,"to-read, nonfiction","to-read (#165), nonfiction (#5)",to-read,,,,0,0
25419708,Speak Better Write Better,Norman  Lewis,"Lewis, Norman",,"=""8183074146""","=""9788183074148""",0,Goyal Publishers,Paperback,218,2011,,,2025/10/24,"to-read, nonfiction","to-read (#164), nonfiction (#4)",to-read,,,,0,0
827597,Word Power Made Easy,Norman  Lewis,"Lewis, Norman",,"=""067174190X""","=""9780671741907""",0,Pocket Books,Mass Market Paperback,686,1991,1949,,2025/10/24,"to-read, bought, nonfiction","to-read (#163), bought (#54), nonfiction (#3)",to-read,,,,0,0
6708,The Power of Now: A Guide to Spiritual Enlightenment,Eckhart Tolle,"Tolle, Eckhart",,"=""""","=""""",0,New World Library,Paperback,229,2004,1997,,2025/10/24,"to-read, nonfiction","to-read (#162), nonfiction (#2)",to-read,,,,0,0
181530515,Arcane,Jarah Aurel,"Aurel, Jarah",,"=""3757821556""","=""9783756265824""",0,Bod.ch,Kindle Edition,494,2023,2023,,2025/05/14,"to-read, not-bought, romantasy","to-read (#93), not-bought (#146), romantasy (#79)",to-read,,,,0,0
58483123,"The Primal of Blood and Bone (Blood and Ash, #6)",Jennifer L. Armentrout,"Armentrout, Jennifer L.",,"=""""","=""""",0,Blue Box Press,ebook,1292,2025,2025,,2025/10/23,"to-read, adult, not-bought, romantasy","to-read (#161), adult (#87), not-bought (#145), romantasy (#78)",to-read,,,,0,0
63847274,"A Soul of Ash and Blood (Blood and Ash, #5)",Jennifer L. Armentrout,"Armentrout, Jennifer L.",,"=""1957568461""","=""9781957568461""",0,Blue Box Press,Kindle Edition,642,2023,2023,,2025/10/23,"to-read, adult, not-bought, romantasy","to-read (#160), adult (#86), not-bought (#144), romantasy (#77)",to-read,,,,0,0
57815107,"The War of Two Queens (Blood and Ash, #4)",Jennifer L. Armentrout,"Armentrout, Jennifer L.",,"=""1952457726""","=""9781952457722""",0,Blue Box Press,ebook,628,2022,2022,,2025/10/23,"to-read, adult, not-bought, romantasy","to-read (#159), adult (#85), not-bought (#143), romantasy (#76)",to-read,,,,0,0
55240343,"The ​Crown of Gilded Bones (Blood and Ash, #3)",Jennifer L. Armentrout,"Armentrout, Jennifer L.",,"=""1952457254""","=""9781952457258""",0,Blue Box Press,Paperback,645,2021,2021,,2025/10/23,"to-read, adult, not-bought, romantasy","to-read (#158), adult (#84), not-bought (#142), romantasy (#75)",to-read,,,,0,0
54319549,"A Kingdom of Flesh and Fire (Blood and Ash, #2)",Jennifer L. Armentrout,"Armentrout, Jennifer L.",,"=""1952457106""","=""9781952457104""",0,Blue Box Press,Kindle Edition,637,2020,2020,,2025/10/23,"to-read, adult, not-bought, romantasy","to-read (#157), adult (#83), not-bought (#141), romantasy (#74)",to-read,,,,0,0
52831200,"From Blood and Ash (Blood and Ash, #1)",Jennifer L. Armentrout,"Armentrout, Jennifer L.",,"=""1952457017""","=""9781952457012""",0,Blue Box Press,ebook,622,2020,2020,,2025/10/23,"to-read, adult, not-bought, romantasy","to-read (#156), adult (#82), not-bought (#140), romantasy (#73)",to-read,,,,0,0
240382002,"Game On (Into Darkness, #3)",Navessa Allen,"Allen, Navessa",,"=""1638932271""","=""9781638932277""",0,Slowburn,Paperback,384,2026,2026,,2025/10/23,"to-read, adult, contemporary, not-bought","to-read (#155), adult (#81), contemporary (#42), not-bought (#139)",to-read,,,,0,0
220207768,"Caught Up (Into Darkness, #2)",Navessa Allen,"Allen, Navessa",,"=""1638932255""","=""9781638932253""",0,Slowburn,Paperback,352,2025,2025,,2025/10/23,"to-read, adult, contemporary, not-bought","to-read (#154), adult (#80), contemporary (#41), not-bought (#138)",to-read,,,,0,0
210722967,"Hexed (Never After, #6)",Emily McIntire,"McIntire, Emily",,"=""1728275865""","=""9781728275864""",0,Bloom Books,Paperback,544,2024,2024,,2024/12/05,"to-read, adult, not-bought, contemporary","to-read (#61), adult (#73), not-bought (#126), contemporary (#40)",to-read,,,,0,0
80340956,"Crossed (Never After, #5)",Emily McIntire,"McIntire, Emily",,"=""""","=""""",0,,Kindle Edition,418,2023,2023,,2024/12/05,"to-read, adult, not-bought, contemporary","to-read (#60), adult (#72), not-bought (#125), contemporary (#39)",to-read,,,,0,0
61434791,"Twisted (Never After, #4)",Emily McIntire,"McIntire, Emily",,"=""""","=""9798985138085""",0,Emily McIntire,Kindle Edition,366,2023,2023,,2024/12/05,"to-read, adult, not-bought, contemporary","to-read (#59), adult (#71), not-bought (#124), contemporary (#38)",to-read,,,,0,0
60601111,"Wretched (Never After, #3)",Emily McIntire,"McIntire, Emily",,"=""""","=""9798985138054""",0,,Kindle Edition,282,2022,2022,,2024/12/05,"to-read, adult, not-bought, contemporary","to-read (#58), adult (#70), not-bought (#123), contemporary (#37)",to-read,,,,0,0
59512586,"Scarred (Never After, #2)",Emily McIntire,"McIntire, Emily",,"=""""","=""9798985138047""",0,,Kindle Edition,447,2022,2022,,2024/12/05,"to-read, adult, not-bought, contemporary","to-read (#57), adult (#69), not-bought (#122), contemporary (#36)",to-read,,,,0,0
58545703,"Hooked (Never After, #1)",Emily McIntire,"McIntire, Emily",,"=""173750832X""","=""9781737508328""",0,"McIntire Publishing, Co.",Kindle Edition,312,2021,2021,,2024/12/05,"to-read, adult, not-bought, contemporary","to-read (#56), adult (#68), not-bought (#121), contemporary (#35)",to-read,,,,0,0
232363216,"Daemonica (Wicked Games, #3)",Kaylie Smith,"Smith, Kaylie",,"=""153877481X""","=""9781538774816""",0,Forever,Paperback,448,,,,2025/10/23,"to-read, adult, not-bought, romantasy","to-read (#153), adult (#79), not-bought (#137), romantasy (#72)",to-read,,,,0,0
217182344,"Enchantra (Wicked Games, #2)",Kaylie Smith,"Smith, Kaylie",,"=""1538770806""","=""9781538770801""",0,Forever,Paperback,448,2025,2025,,2025/10/23,"to-read, adult, not-bought, romantasy","to-read (#152), adult (#78), not-bought (#136), romantasy (#71)",to-read,,,,0,0
204593914,"Phantasma (Wicked Games, #1)",Kaylie Smith,"Smith, Kaylie",,"=""1538769255""","=""9781538769256""",0,Forever,Paperback,497,2024,2024,,2025/10/23,"adult, not-bought, romantasy, to-read","adult (#46), not-bought (#74), romantasy (#33), to-read (#151)",to-read,,,,0,0
56015874,"The Purest Addiction (Made, #4)",Danielle Lori,"Lori, Danielle",,"=""""","=""""",0,,Unknown Binding,,,,,2024/12/05,"to-read, adult, not-bought, contemporary","to-read (#12), adult (#51), not-bought (#81), contemporary (#34)",to-read,,,,0,0
56250307,"The Darkest Temptation (Made, #3)",Danielle Lori,"Lori, Danielle",,"=""""","=""""",0,,Kindle Edition,410,2020,2020,,2024/12/05,"to-read, adult, not-bought, contemporary","to-read (#11), adult (#50), not-bought (#80), contemporary (#33)",to-read,,,,0,0
40613322,"The Maddest Obsession (Made, #2)",Danielle Lori,"Lori, Danielle",,"=""""","=""""",0,,ebook,333,2019,2019,,2024/12/05,"to-read, adult, not-bought, contemporary","to-read (#10), adult (#49), not-bought (#79), contemporary (#32)",to-read,,,,0,0
39083635,"The Sweetest Oblivion (Made, #1)",Danielle Lori,"Lori, Danielle",,"=""1721284443""","=""9781721284443""",0,CreateSpace,Paperback,384,2018,2018,,2024/12/05,"to-read, adult, not-bought, contemporary","to-read (#9), adult (#48), not-bought (#78), contemporary (#31)",to-read,,,,0,0
203760167,"Where's Molly (Cat and Mouse, #2.5)",H.D. Carlton,"Carlton, H.D.",,"=""""","=""""",5.0,,Kindle Edition,243,2024,2024,2024/07/03,2024/12/05,"adult, not-bought, contemporary","adult (#10), not-bought (#27), contemporary (#29)",read,,,,1,0
59050133,"Hunting Adeline (Cat and Mouse, #2)",H.D. Carlton,"Carlton, H.D.",,"=""""","=""""",5.0,,Kindle Edition,684,2022,2022,2024/03/26,2024/12/05,"adult, not-bought, contemporary","adult (#12), not-bought (#29), contemporary (#28)",read,,,,1,0
58763686,"Haunting Adeline (Cat and Mouse, #1)",H.D. Carlton,"Carlton, H.D.",,"=""""","=""""",3.0,,Kindle Edition,629,2021,2021,2024/03/25,2024/12/05,"adult, not-bought, contemporary","adult (#11), not-bought (#28), contemporary (#27)",read,,,,1,0
33293523,Bought (Highest Bidder #1),Lauren Landish,"Landish, Lauren",Willow Winters,"=""""","=""""",1.0,,ebook,296,2016,2016,2024/11/26,2025/10/22,"adult, not-bought, contemporary","adult (#19), not-bought (#36), contemporary (#26)",read,So much crying...,,,1,0
62058385,"Twisted Lies (Twisted, #4)",Ana Huang,"Huang, Ana",,"=""1728274893""","=""9781728274898""",3.0,Bloom Books,Paperback,560,2022,2022,2024/05/20,2024/12/05,"adult, bought, contemporary","adult (#9), bought (#47), contemporary (#25)",read,,,,1,0
62056935,"Twisted Hate (Twisted, #3)",Ana Huang,"Huang, Ana",,"=""1728274885""","=""9781728274881""",5.0,Bloom,Paperback,500,2022,2022,2024/05/17,2024/12/05,"adult, bought, contemporary","adult (#8), bought (#46), contemporary (#24)",read,,,,1,0
62056013,"Twisted Games (Twisted, #2)",Ana Huang,"Huang, Ana",,"=""1728274877""","=""9781728274874""",4.0,Bloom Books,Paperback,434,2022,2021,2024/05/15,2024/12/05,"adult, bought, contemporary","adult (#7), bought (#45), contemporary (#23)",read,,,,1,0
62057697,"Twisted Love (Twisted, #1)",Ana Huang,"Huang, Ana",,"=""1728274869""","=""9781728274867""",3.0,Bloom Books,Paperback,343,2022,2021,2024/05/14,2024/12/05,"adult, bought, contemporary","adult (#6), bought (#44), contemporary (#22)",read,,,,1,0
230895937,"My Blade, Your Back (Dark Forces, #2)",K.M. Moronova,"Moronova, K.M.",,"=""1464260168""","=""9781464260162""",0,Bloom Books,Paperback,378,2025,2025,,2025/10/22,"to-read, not-bought, adult, contemporary","to-read (#137), not-bought (#61), adult (#36), contemporary (#21)",to-read,,,,0,0
230895928,"Your Knife, My Heart (Dark Forces, #1)",K.M. Moronova,"Moronova, K.M.",,"=""1464260133""","=""9781464260131""",0,Bloom Books,Paperback,304,2025,2025,,2025/10/22,"to-read, adult, not-bought, contemporary","to-read (#136), adult (#35), not-bought (#62), contemporary (#20)",to-read,,,,0,0
208874858,A Ballad of Phantoms and Hope,K.M. Moronova,"Moronova, K.M.",,"=""""","=""""",0,,Kindle Edition,289,2024,,,2025/10/22,"to-read, adult, not-bought, contemporary","to-read (#129), adult (#27), not-bought (#56), contemporary (#19)",to-read,,,,0,0
202322798,The Fabric of Our Souls,K.M. Moronova,"Moronova, K.M.",,"=""""","=""9798863398570""",0,Independently published,Paperback,362,2023,2023,,2025/10/22,"to-read, not-bought, adult, contemporary","to-read (#128), not-bought (#55), adult (#26), contemporary (#18)",to-read,,,,0,0
221287780,Leave Me Behind,K.M. Moronova,"Moronova, K.M.",,"=""1963474074""","=""9781963474077""",5.0,K.M. Moronova,Paperback,464,2024,2024,2025/10/08,2025/10/07,"adult, contemporary, not-bought","adult (#25), contemporary (#17), not-bought (#135)",read,ONE DAY READ. THAT’S HOW GOOD THIS BOOK WAS. IT FUCKED WITH MY MIND AND IT FUCKED WITH MY VERY BEING.<br/><br/>The perfect balance between Plot and spice. AND CRAZY FUCKING PLOT TWISTS OMG<br/><br/>Loved it,,,1,0
216953177,"The Syndicater (Dark Verse, #6)",RuNyx,"RuNyx, RuNyx",,"=""""","=""""",0,,Kindle Edition,400,2024,2024,,2024/12/05,"to-read, adult, not-bought, contemporary","to-read (#4), adult (#18), not-bought (#35), contemporary (#16)",to-read,,,,0,0
54683187,"The Annihilator (Dark Verse, #5)",RuNyx,"RuNyx, RuNyx",,"=""""","=""""",0,,ebook,257,2022,2022,,2024/12/05,"to-read, adult, not-bought, contemporary","to-read (#3), adult (#17), not-bought (#34), contemporary (#15)",to-read,,,,0,0
53473067,"The Finisher (Dark Verse, #4)",RuNyx,"RuNyx, RuNyx",,"=""""","=""""",0,,Kindle Edition,314,2021,2021,,2024/12/05,"to-read, adult, not-bought, contemporary","to-read (#2), adult (#16), not-bought (#33), contemporary (#14)",to-read,,,,0,0
53473056,"The Emperor (Dark Verse, #3)",RuNyx,"RuNyx, RuNyx",,"=""""","=""""",0,Amazon Digital Services,Kindle Edition,443,2021,2021,,2024/12/05,"to-read, adult, not-bought, contemporary","to-read (#1), adult (#15), not-bought (#32), contemporary (#13)",to-read,,,,0,0
53027547,"The Reaper (Dark Verse, #2)",RuNyx,"RuNyx, RuNyx",,"=""0463895789""","=""9780463895788""",4.0,Smashwords,ebook,420,2020,2020,2024/07/28,2024/12/05,"adult, not-bought, contemporary","adult (#14), not-bought (#31), contemporary (#12)",read,,,,1,0
152531868,"King of Lust (Kings of Sin, #7)",Ana Huang,"Huang, Ana",,"=""0349436444""","=""9780349436449""",0,,ebook,,2027,2027,,2024/12/05,"to-read, adult, not-bought, contemporary","to-read (#8), adult (#47), not-bought (#77), contemporary (#10)",to-read,,,,0,0
75491526,"King of Sloth (Kings of Sin, #4)",Ana Huang,"Huang, Ana",,"=""""","=""""",0,,Kindle Edition,466,2024,2024,2024/07/20,2024/12/05,"not-bought, adult, contemporary","not-bought (#3), adult (#3), contemporary (#7)",read,,,,1,0
124943221,"King of Greed (Kings of Sin, #3)",Ana Huang,"Huang, Ana",,"=""""","=""""",0,,Kindle Edition,352,2023,2023,2024/07/02,2024/12/05,"adult, bought, contemporary","adult (#4), bought (#43), contemporary (#6)",read,,,,1,0
62994279,"King of Pride (Kings of Sin, #2)",Ana Huang,"Huang, Ana",,"=""""","=""""",0,,Kindle Edition,358,2023,2023,2024/06/24,2024/12/05,"bought, adult, contemporary","bought (#13), adult (#2), contemporary (#5)",read,,,,1,0
217206738,"King of Wrath (Kings of Sin, #1)",Ana Huang,"Huang, Ana",,"=""""","=""""",0,,Kindle Edition,398,2022,2022,2024/05/24,2024/12/05,"adult, not-bought, contemporary","adult (#1), not-bought (#25), contemporary (#4)",read,,,,1,0
127616032,"Scythe & Sparrow (The Ruinous Love Trilogy, #3)",Brynne Weaver,"Weaver, Brynne",,"=""""","=""""",0,,Hardcover,416,2025,2025,,2024/12/05,"to-read, adult, not-bought, contemporary","to-read (#75), adult (#76), not-bought (#133), contemporary (#3)",to-read,,,,0,0
127611580,"Leather & Lark (The Ruinous Love Trilogy, #2)",Brynne Weaver,"Weaver, Brynne",,"=""0349441588""","=""9780349441580""",0,Zando,Paperback,390,2024,2024,,2024/12/05,"to-read, adult, not-bought, contemporary","to-read (#74), adult (#75), not-bought (#132), contemporary (#2)",to-read,,,,0,0
196864520,"Butcher & Blackbird (The Ruinous Love Trilogy, #1)",Brynne Weaver,"Weaver, Brynne",,"=""""","=""9798857497074""",0,Independently Published,Paperback,360,2023,2023,,2024/12/05,"to-read, adult, not-bought, contemporary","to-read (#73), adult (#74), not-bought (#131), contemporary (#1)",to-read,,,,0,0
223707918,"You've Found Oliver (You've Reached Sam, #2)",Dustin Thao,"Thao, Dustin",,"=""0593858476""","=""9780593858479""",0,Dutton Books for Young Readers,Hardcover,288,2025,2025,,2025/05/14,no,no (#7),no,,,,0,0
227786635,"Crowntide (Lightlark, #4)",Alex Aster,"Aster, Alex",,"=""1419785710""","=""9781419785719""",0,Harry N. Abrams,Hardcover,448,2025,2025,,2025/10/23,"to-read, not-bought, romantasy","to-read (#150), not-bought (#130), romantasy (#70)",to-read,,,,0,0
207003676,"Skyshade (Lightlark, #3)",Alex Aster,"Aster, Alex",,"=""141977378X""","=""9781419773785""",0,Harry N. Abrams,Hardcover,384,2024,2024,,2024/12/05,"to-read, not-bought, romantasy","to-read (#63), not-bought (#129), romantasy (#69)",to-read,,,,0,0
58410355,"Nightbane (Lightlark, #2)",Alex Aster,"Aster, Alex",,"=""""","=""""",0,Abrams,Kindle Edition,432,2023,2023,,2024/12/05,"to-read, not-bought, romantasy","to-read (#62), not-bought (#128), romantasy (#68)",to-read,,,,0,0
60310757,"Lightlark (Lightlark, #1)",Alex Aster,"Aster, Alex",,"=""""","=""""",0,Harry N. Abrams,Hardcover,416,2022,2022,,2024/12/05,"to-read, not-bought, romantasy","to-read (#64), not-bought (#127), romantasy (#67)",to-read,,,,0,0
239391372,"The Tempest Blade (The Bridge Kingdom, #6)",Danielle L. Jensen,"Jensen, Danielle L.",,"=""1405968966""","=""9781405968966""",0,Penguin,Kindle Edition,748,2026,2025,,2025/10/23,"to-read, adult, not-bought, romantasy","to-read (#149), adult (#67), not-bought (#120), romantasy (#66)",to-read,,,,0,0
216563167,"The Twisted Throne (The Bridge Kingdom, #5)",Danielle L. Jensen,"Jensen, Danielle L.",,"=""0593975308""","=""9780593975305""",0,Del Rey,Paperback,512,2025,2024,,2024/12/05,"to-read, adult, not-bought, romantasy","to-read (#55), adult (#66), not-bought (#119), romantasy (#65)",to-read,,,,0,0
211081097,"The Endless War (The Bridge Kingdom, #4)",Danielle L. Jensen,"Jensen, Danielle L.",,"=""0593975278""","=""9780593975275""",0,Del Rey,Paperback,576,2025,2023,,2024/12/05,"to-read, adult, not-bought, romantasy","to-read (#54), adult (#65), not-bought (#118), romantasy (#64)",to-read,,,,0,0
61160899,"The Calm Before the Storm (The Bridge Kingdom, #3.5)",Danielle L. Jensen,"Jensen, Danielle L.",,"=""""","=""""",0,Danielle L. Jensen,ebook,80,2022,2022,,2024/12/05,"to-read, adult, not-bought, romantasy","to-read (#53), adult (#64), not-bought (#117), romantasy (#63)",to-read,,,,0,0
211081102,"The Inadequate Heir (The Bridge Kingdom, #3)",Danielle L. Jensen,"Jensen, Danielle L.",,"=""0593975243""","=""9780593975244""",0,Del Rey,Paperback,688,2024,2022,,2024/12/05,"to-read, adult, not-bought, romantasy","to-read (#52), adult (#63), not-bought (#116), romantasy (#62)",to-read,,,,0,0
211081092,"The Traitor Queen (The Bridge Kingdom, #2)",Danielle L. Jensen,"Jensen, Danielle L.",,"=""0593975219""","=""9780593975213""",0,Del Rey,Paperback,416,2024,2020,,2024/12/05,"to-read, adult, not-bought, romantasy","to-read (#51), adult (#62), not-bought (#115), romantasy (#61)",to-read,,,,0,0
211081101,"The Bridge Kingdom (The Bridge Kingdom, #1)",Danielle L. Jensen,"Jensen, Danielle L.",,"=""0593975189""","=""9780593975183""",0,Del Rey,Paperback,448,2024,2018,,2024/12/05,"to-read, adult, not-bought, romantasy","to-read (#83), adult (#61), not-bought (#114), romantasy (#60)",to-read,,,,1,0
203578793,"Spectacular (Caraval, #3.5)",Stephanie Garber,"Garber, Stephanie",Rosie Fowinkle,"=""1250893402""","=""9781250893406""",0,Flatiron Books,Hardcover,207,2024,2024,,2024/12/05,"to-read, not-bought, romantasy","to-read (#48), not-bought (#113), romantasy (#59)",to-read,,,,0,0
40381392,"Finale (Caraval, #3)",Stephanie Garber,"Garber, Stephanie",,"=""1250157668""","=""9781250157669""",0,Flatiron Books,Hardcover,478,2019,2019,,2024/12/05,"to-read, not-bought, romantasy","to-read (#45), not-bought (#112), romantasy (#58)",to-read,,,,0,0
36329818,"Legendary (Caraval, #2)",Stephanie Garber,"Garber, Stephanie",,"=""125009531X""","=""9781250095312""",0,Flatiron Books,Hardcover,451,2018,2018,,2024/12/05,"to-read, not-bought, romantasy","to-read (#46), not-bought (#111), romantasy (#57)",to-read,,,,0,0
27883214,"Caraval (Caraval, #1)",Stephanie Garber,"Garber, Stephanie",,"=""1250095255""","=""9781250095251""",0,Flatiron Books,Hardcover,407,2017,2016,,2024/12/05,"to-read, not-bought, romantasy","to-read (#47), not-bought (#110), romantasy (#56)",to-read,,,,0,0
62816044,"A Curse for True Love (Once Upon a Broken Heart, #3)",Stephanie Garber,"Garber, Stephanie",,"=""1250851203""","=""9781250851208""",0,Flatiron,Hardcover,386,2023,2023,,2024/12/05,"to-read, not-bought, romantasy","to-read (#42), not-bought (#109), romantasy (#55)",to-read,,,,0,0
59808071,"The Ballad of Never After (Once Upon a Broken Heart, #2)",Stephanie Garber,"Garber, Stephanie",,"=""1250268427""","=""9781250268426""",0,Flatiron Books,Hardcover,416,2022,2022,,2024/12/05,"to-read, not-bought, romantasy","to-read (#43), not-bought (#108), romantasy (#54)",to-read,,,,0,0
55987278,"Once Upon a Broken Heart (Once Upon a Broken Heart, #1)",Stephanie Garber,"Garber, Stephanie",,"=""1250268397""","=""9781250268396""",0,Flatiron Books,Hardcover,408,2021,2021,,2024/12/05,"to-read, not-bought, romantasy","to-read (#44), not-bought (#107), romantasy (#53)",to-read,,,,0,0
3422075,"Men of the Otherworld (Otherworld Stories, #1)",Kelley Armstrong,"Armstrong, Kelley",,"=""0553807099""","=""9780553807097""",0,Bantam,Hardcover,369,2009,2009,,2025/10/23,no,no (#6),no,,,,0,0
228256271,"Mate (Bride, #2)",Ali Hazelwood,"Hazelwood, Ali",,"=""0593955013""","=""9780593955017""",0,Berkley,Hardcover,450,2025,2025,,2025/10/23,"to-read, adult, not-bought, romantasy","to-read (#148), adult (#60), not-bought (#106), romantasy (#52)",to-read,,,,0,0
181344829,"Bride (Bride, #1)",Ali Hazelwood,"Hazelwood, Ali",,"=""""","=""""",0,Berkley,Kindle Edition,410,2024,2024,,2024/12/05,"to-read, adult, not-bought, romantasy","to-read (#82), adult (#59), not-bought (#105), romantasy (#51)",to-read,,,,0,0
208301504,"Shadow & Storms (The Legends of Thezmarr, #4)",Helen Scheuerer,"Scheuerer, Helen",,"=""1922903183""","=""9781922903181""",0,Alchemy,Kindle Edition,420,2024,2024,,2024/12/05,"to-read, adult, not-bought, romantasy","to-read (#41), adult (#58), not-bought (#104), romantasy (#50)",to-read,,,,0,0
199057100,"Fate & Furies (The Legends of Thezmarr, #3)",Helen Scheuerer,"Scheuerer, Helen",,"=""1922903175""","=""9781922903174""",0,Alchemy,Kindle Edition,466,2024,2024,,2024/12/05,"to-read, adult, not-bought, romantasy","to-read (#40), adult (#57), not-bought (#103), romantasy (#49)",to-read,,,,0,0
123007281,"Vows & Ruins (The Legends of Thezmarr, #2)",Helen Scheuerer,"Scheuerer, Helen",,"=""1922903051""","=""9781922903051""",0,Alchemy,Kindle Edition,536,2023,2023,,2024/12/05,"to-read, adult, not-bought, romantasy","to-read (#39), adult (#56), not-bought (#102), romantasy (#48)",to-read,,,,0,0
63905241,"Blood & Steel (The Legends of Thezmarr, #1)",Helen Scheuerer,"Scheuerer, Helen",,"=""1922903027""","=""9781922903020""",0,Alchemy,Kindle Edition,550,2023,2023,,2024/12/05,"to-read, adult, not-bought, romantasy","to-read (#38), adult (#55), not-bought (#101), romantasy (#47)",to-read,,,,0,0
123206298,"Murtagh (The Inheritance Cycle, #5)",Christopher Paolini,"Paolini, Christopher",,"=""1774882965""","=""9781774882993""",0,Penguin Teen Canada,Kindle Edition,688,2023,2023,,2024/12/05,"to-read, fantasy, not-bought","to-read (#33), fantasy (#24), not-bought (#100)",to-read,,,,0,0
26152839,"The Fork, the Witch, and the Worm: Eragon (Tales from Alagaësia #1; The Inheritance Cycle World)",Christopher Paolini,"Paolini, Christopher",,"=""1984894889""","=""9781984894885""",0,Knopf Books for Young Readers,ebook,288,2018,2018,,2024/12/05,"to-read, fantasy, not-bought","to-read (#32), fantasy (#23), not-bought (#99)",to-read,,,,0,0
7664041,"Inheritance (The Inheritance Cycle, #4)",Christopher Paolini,"Paolini, Christopher",,"=""0375856110""","=""9780375856112""",0,Alfred A. Knopf,Hardcover,849,2011,2011,,2024/12/05,"to-read, fantasy, not-bought","to-read (#31), fantasy (#22), not-bought (#98)",to-read,,,,0,0
2248573,"Brisingr (The Inheritance Cycle, #3)",Christopher Paolini,"Paolini, Christopher",,"=""0375826726""","=""9780375826726""",0,Alfred A. Knopf,Hardcover,763,2008,2008,,2024/12/05,"to-read, fantasy, not-bought","to-read (#30), fantasy (#21), not-bought (#97)",to-read,,,,0,0
45978,"Eldest (The Inheritance Cycle, #2)",Christopher Paolini,"Paolini, Christopher",,"=""0375840400""","=""9780375840401""",0,Knopf Books for Young Readers,Paperback,704,2007,2005,,2024/12/05,"to-read, fantasy, not-bought","to-read (#29), fantasy (#20), not-bought (#96)",to-read,,,,0,0
113436,Eragon (The Inheritance Cycle #1),Christopher Paolini,"Paolini, Christopher",,"=""0375826696""","=""9780375826696""",0,Alfred A. Knopf,Paperback,503,2005,2002,,2024/12/05,"to-read, fantasy, not-bought","to-read (#28), fantasy (#19), not-bought (#95)",to-read,,,,0,0
13623848,The Song of Achilles,Madeline Miller,"Miller, Madeline",,"=""""","=""""",5.0,Ecco,Paperback,408,2012,2011,2024/11/11,2024/12/05,"bought, greek, romantasy","bought (#9), greek (#12), romantasy (#46)",read,,,,1,0
48717744,"The Tower of Nero (The Trials of Apollo, #5)",Rick Riordan,"Riordan, Rick",,"=""1484746457""","=""9781484746455""",0,Disney-Hyperion Books,Hardcover,416,2020,2020,2024/01/01,2024/12/05,"greek, not-bought, fantasy","greek (#10), not-bought (#15), fantasy (#18)",read,,,,1,0
28006109,"The Tyrant’s Tomb (The Trials of Apollo, #4)",Rick Riordan,"Riordan, Rick",,"=""1368001440""","=""9781368001441""",0,Disney Hyperion,ebook,439,2019,2019,2024/01/01,2024/12/05,"greek, not-bought, fantasy","greek (#9), not-bought (#14), fantasy (#17)",read,,,,1,0
28006096,"The Burning Maze (The Trials of Apollo, #3)",Rick Riordan,"Riordan, Rick",,"=""1368024122""","=""9781368024129""",0,Disney-Hyperion Books,Hardcover,448,2018,2018,2024/01/01,2024/12/05,"greek, not-bought, fantasy","greek (#8), not-bought (#13), fantasy (#16)",read,,,,1,0
30145666,"The Dark Prophecy (The Trials of Apollo, #2)",Rick Riordan,"Riordan, Rick",,"=""1484746422""","=""9781484746424""",0,Disney-Hyperion Books,Hardcover,432,2017,2017,2024/01/01,2024/12/05,"greek, not-bought, fantasy","greek (#7), not-bought (#12), fantasy (#15)",read,,,,1,0
26252859,"The Hidden Oracle (The Trials of Apollo, #1)",Rick Riordan,"Riordan, Rick",,"=""148473274X""","=""9781484732748""",0,Disney-Hyperion Books,Hardcover,376,2016,2016,2024/01/01,2024/12/05,"greek, not-bought, fantasy","greek (#6), not-bought (#11), fantasy (#14)",read,,,,1,0
18705209,"The Blood of Olympus (The Heroes of Olympus, #5)",Rick Riordan,"Riordan, Rick",,"=""""","=""""",0,Disney-Hyperion Books,Hardcover,516,2014,2014,2024/01/01,2024/12/05,"not-bought, greek, fantasy","not-bought (#10), greek (#5), fantasy (#13)",read,,,,1,0
12127810,"The House of Hades (The Heroes of Olympus, #4)",Rick Riordan,"Riordan, Rick",,"=""1423146727""","=""9781423146728""",0,Disney-Hyperion Books,Hardcover,597,2013,2013,2024/01/01,2024/12/05,"not-bought, greek, fantasy","not-bought (#9), greek (#4), fantasy (#12)",read,,,,1,0
12127750,"The Mark of Athena (The Heroes of Olympus, #3)",Rick Riordan,"Riordan, Rick",,"=""1423140605""","=""9781423140603""",0,Disney-Hyperion Books,Hardcover,586,2012,2012,2024/01/01,2024/12/05,"not-bought, greek, fantasy","not-bought (#8), greek (#3), fantasy (#11)",read,,,,1,0
9520360,"The Son of Neptune (The Heroes of Olympus, #2)",Rick Riordan,"Riordan, Rick",,"=""1423140591""","=""9781423140597""",0,Disney-Hyperion Books,Hardcover,521,2011,2011,2024/01/01,2024/12/05,"not-bought, greek, fantasy","not-bought (#7), greek (#2), fantasy (#10)",read,,,,1,0
199190261,"Wrath of the Triple Goddess (Percy Jackson and the Olympians: The Senior Year Adventures, #2)",Rick Riordan,"Riordan, Rick",,"=""1368112382""","=""9781368112383""",0,Disney Hyperion,Hardcover,343,2024,2024,,2024/12/05,"to-read, not-bought, greek, fantasy","to-read (#124), not-bought (#4), greek (#1), fantasy (#9)",to-read,,,,1,0
76715522,"Kingdom of Ash (Throne of Glass, #7)",Sarah J. Maas,"Maas, Sarah J.",,"=""1639731067""","=""9781639731060""",0,Bloomsbury Publishing,Hardcover,984,2023,2018,,2024/12/05,"to-read, not-bought, romantasy","to-read (#27), not-bought (#92), romantasy (#44)",to-read,,,,0,0
76714487,"Tower of Dawn (Throne of Glass, #6)",Sarah J. Maas,"Maas, Sarah J.",,"=""1639731040""","=""9781639731046""",0,Bloomsbury Publishing,Hardcover,688,2023,2017,,2024/12/05,"to-read, not-bought, romantasy","to-read (#26), not-bought (#91), romantasy (#43)",to-read,,,,0,0
76713323,"Empire of Storms (Throne of Glass, #5)",Sarah J. Maas,"Maas, Sarah J.",,"=""1639731024""","=""9781639731022""",0,Bloomsbury Publishing,Hardcover,733,2023,2016,,2024/12/05,"to-read, not-bought, romantasy","to-read (#25), not-bought (#90), romantasy (#42)",to-read,,,,0,0
76707900,"Queen of Shadows (Throne of Glass, #4)",Sarah J. Maas,"Maas, Sarah J.",,"=""1639731008""","=""9781639731008""",0,Bloomsbury Publishing,Hardcover,648,2023,2015,,2024/12/05,"to-read, not-bought, romantasy","to-read (#24), not-bought (#89), romantasy (#41)",to-read,,,,0,0
76706470,"Heir of Fire (Throne of Glass, #3)",Sarah J. Maas,"Maas, Sarah J.",,"=""""","=""""",0,Bloomsbury USA Childrens,Hardcover,576,2023,2014,,2024/12/05,"to-read, not-bought, romantasy","to-read (#23), not-bought (#88), romantasy (#40)",to-read,,,,0,0
76705490,"Crown of Midnight (Throne of Glass, #2)",Sarah J. Maas,"Maas, Sarah J.",,"=""1639730966""","=""9781639730964""",0,Bloomsbury Publishing,Hardcover,420,2023,2013,,2024/12/05,"to-read, not-bought, romantasy","to-read (#22), not-bought (#87), romantasy (#39)",to-read,,,,0,0
126062562,"The Assassin's Blade (Throne of Glass, #0.1-0.5)",Sarah J. Maas,"Maas, Sarah J.",,"=""1619632217""","=""9781619632219""",0,Bloomsbury Publishing,Kindle Edition,451,2023,2014,,2024/12/05,"to-read, not-bought, romantasy","to-read (#20), not-bought (#86), romantasy (#38)",to-read,,,,0,0
76703559,"Throne of Glass (Throne of Glass, #1)",Sarah J. Maas,"Maas, Sarah J.",,"=""163973094X""","=""9781639730940""",0,Bloomsbury Publishing,Hardcover,406,2023,2012,,2024/12/05,"to-read, not-bought, romantasy","to-read (#21), not-bought (#85), romantasy (#37)",to-read,,,,0,0
171881689,"Soul of a Witch (Souls Trilogy, #3)",Harley Laroux,"Laroux, Harley",,"=""""","=""""",0,,Kindle Edition,600,2023,2023,,2024/12/05,"to-read, adult, not-bought, romantasy","to-read (#15), adult (#54), not-bought (#84), romantasy (#36)",to-read,,,,0,0
58930992,"Her Soul for Revenge (Souls Trilogy, #2)",Harley Laroux,"Laroux, Harley",,"=""""","=""""",0,,Kindle Edition,559,2021,2021,,2024/12/05,"to-read, adult, not-bought, romantasy","to-read (#14), adult (#53), not-bought (#83), romantasy (#35)",to-read,,,,0,0
57091457,"Her Soul to Take (Souls Trilogy, #1)",Harley Laroux,"Laroux, Harley",,"=""""","=""""",0,,Kindle Edition,493,2021,2021,,2024/12/05,"to-read, adult, not-bought, romantasy","to-read (#13), adult (#52), not-bought (#82), romantasy (#34)",to-read,,,,0,0
101145836,"Wildfire (Maple Hills, #2)",Hannah  Grace,"Grace, Hannah",,"=""1668026279""","=""9781668026274""",0,Atria Books,Paperback,387,2023,2023,,2024/12/05,no,no (#5),no,,,,0,0
182626871,Moments of Madness (The Hunters #2),T.L.  Smith,"Smith, T.L.",,"=""""","=""""",0,,Kindle Edition,302,2023,2023,,2024/12/05,no,no (#4),no,,,,0,0
53180698,"Deviant King (Royal Elite, #1)",Rina Kent,"Kent, Rina",,"=""1685451217""","=""9781685451219""",0,"Blackthorn Books, LLC",Kindle Edition,364,2020,2019,,2024/12/05,no,no (#3),no,,,,0,0
60909831,"Mile High (Windy City, #1)",Liz Tomforde,"Tomforde, Liz",,"=""""","=""9798446572199""",0,Hodder,Paperback,603,2022,2022,,2024/12/05,no,no (#2),no,,,,0,0
56732449,The Love Hypothesis,Ali Hazelwood,"Hazelwood, Ali",,"=""0593336828""","=""9780593336823""",0,Berkley Books,Paperback,373,2021,2021,,2024/12/05,no,no (#1),no,,,,0,0
23349901,Percy Jackson's Greek Heroes,Rick Riordan,"Riordan, Rick",John Rocco,"=""1423183657""","=""9781423183655""",0,Disney-Hyperion Books,Hardcover,404,2015,2015,,2024/12/05,"to-read, bought, fantasy, greek","to-read (#7), bought (#53), fantasy (#6), greek (#16)",to-read,,,,0,0
233871276,"Untitled (The Empyrean, #5)",Rebecca Yarros,"Yarros, Rebecca",,"=""""","=""""",0,,Unknown Binding,,,,,2025/10/23,"to-read, adult, not-bought, romantasy","to-read (#147), adult (#44), not-bought (#73), romantasy (#32)",to-read,,,,0,0
204802999,"Untitled (The Empyrean, #4)",Rebecca Yarros,"Yarros, Rebecca",,"=""""","=""""",0,,Hardcover,,,,,2025/10/23,"to-read, adult, not-bought, romantasy","to-read (#146), adult (#43), not-bought (#72), romantasy (#31)",to-read,,,,0,0
209439446,"Onyx Storm (The Empyrean, #3)",Rebecca Yarros,"Yarros, Rebecca",,"=""1649374186""","=""9781649374189""",0,Red Tower Books,Hardcover,544,2025,2025,,2025/10/23,"to-read, adult, not-bought, romantasy","to-read (#145), adult (#42), not-bought (#71), romantasy (#30)",to-read,,,,0,0
90202302,"Iron Flame (The Empyrean, #2)",Rebecca Yarros,"Yarros, Rebecca",,"=""1649374178""","=""9781649374172""",0,Entangled: Red Tower Books,Hardcover,623,2023,2023,,2025/10/23,"to-read, adult, not-bought, romantasy","to-read (#144), adult (#41), not-bought (#70), romantasy (#29)",to-read,,,,0,0
61431922,"Fourth Wing (The Empyrean, #1)",Rebecca Yarros,"Yarros, Rebecca",,"=""1649374046""","=""9781649374042""",0,Entangled: Red Tower Books,Hardcover,517,2023,2023,,2025/10/23,"to-read, adult, not-bought, romantasy","to-read (#143), adult (#40), not-bought (#69), romantasy (#28)",to-read,,,,0,0
52857700,"House of Flame and Shadow (Crescent City, #3)",Sarah J. Maas,"Maas, Sarah J.",,"=""1681193094""","=""9781681193090""",0,Bloomsbury Publishing,ebook,835,2024,2024,,2025/10/22,"to-read, not-bought, adult, romantasy","to-read (#142), not-bought (#68), adult (#39), romantasy (#27)",to-read,,,,0,0
40132775,"House of Sky and Breath (Crescent City, #2)",Sarah J. Maas,"Maas, Sarah J.",,"=""1408884429""","=""9781408884423""",0,Bloomsbury Publishing,Hardcover,805,2022,2022,,2025/10/22,"to-read, adult, romantasy, not-bought","to-read (#141), adult (#38), romantasy (#26), not-bought (#67)",to-read,,,,0,0
44778083,"House of Earth and Blood (Crescent City, #1)",Sarah J. Maas,"Maas, Sarah J.",,"=""1635574048""","=""9781635574043""",0,Bloomsbury Publishing,Hardcover,803,2020,2020,,2025/10/22,"to-read, not-bought, adult, romantasy","to-read (#140), not-bought (#66), adult (#37), romantasy (#25)",to-read,,,,0,0
1381,The Odyssey,Homer,"Homer, Homer","Robert Fagles, Bernard Knox","=""0143039954""","=""9780143039952""",0,Penguin Classics ,Paperback,541,2006,-800,,2025/10/22,"to-read, greek, fantasy","to-read (#138), greek (#13), fantasy (#1)",to-read,,,,0,0
77265004,The Iliad,Homer,"Homer, Homer",Emily Wilson,"=""1324001801""","=""9781324001805""",0,W. W. Norton & Company,Hardcover,848,2023,-750,,2025/10/22,"to-read, fantasy, greek","to-read (#139), fantasy (#2), greek (#14)",to-read,,,,0,0
6148028,"Catching Fire (The Hunger Games, #2)",Suzanne Collins,"Collins, Suzanne",,"=""0439023491""","=""9780439023498""",3.0,Scholastic Press,Hardcover,391,2009,2009,2024/03/16,2024/12/05,"bought, dystopian","bought (#33), dystopian (#4)",read,,,,1,0
7260188,"Mockingjay (The Hunger Games, #3)",Suzanne Collins,"Collins, Suzanne",,"=""0439023513""","=""9780439023511""",5.0,Scholastic Press,Hardcover,390,2010,2010,2024/03/17,2024/12/05,"bought, dystopian","bought (#34), dystopian (#5)",read,,,,1,0
2767052,"The Hunger Games (The Hunger Games, #1)",Suzanne Collins,"Collins, Suzanne",,"=""0439023483""","=""9780439023481""",3.0,Scholastic Press,Hardcover,374,2008,2008,2024/03/14,2024/12/05,"dystopian, bought","dystopian (#3), bought (#32)",read,,,,1,0
53439886,"How the King of Elfhame Learned to Hate Stories (The Folk of the Air, #3.5)",Holly Black,"Black, Holly",,"=""""","=""9780316540827""",5.0,"Little, Brown Books for Young Readers",ebook,200,2020,2020,2024/05/01,2024/12/05,"not-bought, romantasy","not-bought (#23), romantasy (#5)",read,,,,1,0
61198133,"The Stolen Heir (The Stolen Heir Duology, #1)",Holly Black,"Black, Holly",,"=""0316592706""","=""9780316592703""",5.0,"Little, Brown Books for Young Readers",Hardcover,356,2023,2023,2024/05/10,2024/12/05,"romantasy, bought","romantasy (#6), bought (#42)",read,,,,1,0
61250159,"The Prisoner’s Throne (The Stolen Heir Duology, #2)",Holly Black,"Black, Holly",,"=""0316592730""","=""9780316592734""",5.0,"Little, Brown",Kindle Edition,359,2024,2024,2024/05/12,2024/12/05,"not-bought, romantasy","not-bought (#24), romantasy (#7)",read,,,,1,0
11735983,"Insurgent (Divergent, #2)",Veronica Roth,"Roth, Veronica",,"=""0007442912""","=""9780007442911""",3.0,HarperCollins Children's Books,Hardcover,525,2012,2012,2025/06/09,2024/12/05,"not-bought, dystopian","not-bought (#51), dystopian (#31)",read,,,,1,0
13335037,"Divergent (Divergent, #1)",Veronica Roth,"Roth, Veronica",,"=""0062024035""","=""9780062024039""",4.0,Katherine Tegen Books,Paperback,487,2012,2011,2025/06/08,2024/12/05,"not-bought, dystopian","not-bought (#50), dystopian (#30)",read,,,,1,0
203840597,"Powerful (The Powerless Trilogy, #1.5)",Lauren  Roberts,"Roberts, Lauren",,"=""""","=""""",5.0,Simon & Schuster Children's UK,Kindle Edition,272,2024,2024,2024/11/30,2024/12/05,"not-bought, dystopian, romantasy","not-bought (#2), dystopian (#16), romantasy (#11)",read,,,,1,0
13455782,"Shatter Me (Shatter Me, #1)",Tahereh Mafi,"Mafi, Tahereh",,"=""0062085506""","=""9780062085504""",4.0,HarperCollins,Paperback,338,2012,2011,2024/04/03,2024/12/05,"bought, dystopian","bought (#14), dystopian (#12)",read,,,,2,0
51901147,"The Ballad of Songbirds and Snakes (The Hunger Games, #0)",Suzanne Collins,"Collins, Suzanne",,"=""""","=""""",5.0,Scholastic Press,Kindle Edition,541,2020,2020,2024/04/20,2024/12/05,"bought, dystopian","bought (#21), dystopian (#1)",read,,,,1,0
214331246,Sunrise on the Reaping (The Hunger Games),Suzanne Collins,"Collins, Suzanne",,"=""1546171460""","=""9781546171461""",4.0,Scholastic Press,Hardcover,387,2025,2025,2025/07/24,2024/12/05,"dystopian, bought","dystopian (#2), bought (#31)",read,,,,1,0
51335759,"Good Girl, Bad Blood (A Good Girl's Guide to Murder, #2)",Holly  Jackson,"Jackson, Holly",,"=""1405297751""","=""9781405297752""",5.0,Electric Monkey,Paperback,446,2020,2020,2024/04/24,2024/12/05,"bought, mystery","bought (#37), mystery (#3)",read,,,,1,0
40916679,"A Good Girl's Guide to Murder (A Good Girl's Guide to Murder, #1)",Holly  Jackson,"Jackson, Holly",,"=""1405293187""","=""9781405293181""",4.0,Electric Monkey,Paperback,433,2019,2019,2024/04/22,2024/12/05,"bought, mystery","bought (#36), mystery (#2)",read,,,,1,0
56905097,"As Good As Dead (A Good Girl's Guide to Murder, #3)",Holly  Jackson,"Jackson, Holly",,"=""0593379853""","=""9780593379851""",5.0,Delacorte Press,Hardcover,459,2021,2021,2024/04/25,2024/12/05,"bought, mystery","bought (#38), mystery (#4)",read,,,,1,0
26032912,"The Queen of Nothing (The Folk of the Air, #3)",Holly Black,"Black, Holly",,"=""0316310409""","=""9780316310406""",4.0,"Little, Brown",ebook,321,2019,2019,2024/04/30,2024/12/05,"bought, romantasy","bought (#41), romantasy (#4)",read,,,,1,0
26032825,"The Cruel Prince (The Folk of the Air, #1)",Holly Black,"Black, Holly",,"=""0316310271""","=""9780316310277""",3.0,"Little, Brown Books for Young Readers",Hardcover,384,2018,2018,2024/04/28,2024/12/05,"bought, romantasy","bought (#39), romantasy (#1)",read,,,,1,0
26032887,"The Wicked King (The Folk of the Air, #2)",Holly Black,"Black, Holly",,"=""0316310336""","=""9780316310338""",5.0,"Little, Brown Books for Young Readers",ebook,336,2019,2019,2024/04/30,2024/12/05,"bought, romantasy","bought (#40), romantasy (#3)",read,,,,1,0
61313902,Five Survive,Holly  Jackson,"Jackson, Holly",,"=""0755504402""","=""9780755504404""",4.0,Electric Monkey,Hardcover,391,2022,2022,2024/07/21,2024/12/05,"bought, mystery","bought (#8), mystery (#6)",read,,,,1,0
182484360,The Reappearance of Rachel Price,Holly  Jackson,"Jackson, Holly",,"=""0593374207""","=""9780593374207""",5.0,Delacorte Press,Hardcover,438,2024,2024,2024/07/12,2024/12/05,"bought, mystery","bought (#7), mystery (#5)",read,,,,1,0
75513900,"Powerless (The Powerless Trilogy, #1)",Lauren  Roberts,"Roberts, Lauren",,"=""""","=""""",4.0,,Kindle Edition,526,2023,2023,2024/11/29,2024/12/05,"bought, dystopian, romantasy","bought (#6), dystopian (#13), romantasy (#8)",read,,,,1,0
214907249,"Fearless (The Powerless Trilogy, #3)",Lauren  Roberts,"Roberts, Lauren",,"=""""","=""""",4.0,Simon & Schuster Children's UK,Kindle Edition,608,2025,2025,2025/04/18,2024/12/05,"bought, dystopian, romantasy","bought (#49), dystopian (#15), romantasy (#10)",read,,,,1,0
183086339,"Reckless (The Powerless Trilogy, #2)",Lauren  Roberts,"Roberts, Lauren",,"=""""","=""""",5.0,Simon & Schuster Children's UK,Kindle Edition,396,2024,2024,2024/12/02,2024/12/05,"bought, dystopian, romantasy","bought (#48), dystopian (#14), romantasy (#9)",read,,,,2,0
63890168,"A God of Wrath & Lies (Pine Hollow, #1)",K.M. Moronova,"Moronova, K.M.",,"=""""","=""9798987184608""",0,K. M. Moronova,Paperback,358,2022,2022,,2025/10/22,"to-read, adult, romantasy, not-bought","to-read (#133), adult (#32), romantasy (#22), not-bought (#65)",to-read,,,,0,0
75336145,"A God of Death & Rest (Pine Hollow, #2)",K.M. Moronova,"Moronova, K.M.",,"=""""","=""""",0,,Kindle Edition,322,2023,,,2025/10/22,"to-read, adult, romantasy, not-bought","to-read (#134), adult (#33), romantasy (#23), not-bought (#64)",to-read,,,,0,0
153515452,"A Goddess of Life & Dawn (Pine Hollow, #3)",K.M. Moronova,"Moronova, K.M.",,"=""""","=""""",0,,Kindle Edition,282,2023,,,2025/10/22,"to-read, adult, romantasy, not-bought","to-read (#135), adult (#34), romantasy (#24), not-bought (#63)",to-read,,,,0,0
208495819,"Secrets of Alkrose (Alkrose Academy, #2)",K.M. Moronova,"Moronova, K.M.",,"=""""","=""""",0,,Kindle Edition,411,2024,,,2025/10/22,"to-read, not-bought, adult, romantasy","to-read (#132), not-bought (#60), adult (#31), romantasy (#21)",to-read,,,,0,0
155167312,"Of Deathless Shadows (Alkrose Academy, #1)",K.M. Moronova,"Moronova, K.M.",,"=""""","=""""",0,,Kindle Edition,336,2023,2023,,2025/10/22,"to-read, not-bought, adult, romantasy","to-read (#131), not-bought (#59), adult (#30), romantasy (#20)",to-read,,,,0,0
239829534,Once Written in Gilded Blood (Cruel Fates #2),K.M. Moronova,"Moronova, K.M.",,"=""1464279047""","=""9781464279041""",0,Bloom Books,Hardcover,317,2026,2026,,2025/10/22,"to-read, adult, not-bought, romantasy","to-read (#130), adult (#29), not-bought (#58), romantasy (#19)",to-read,,,,0,0
235371996,Once Upon a Demon's Heart (Cruel Fates #1),K.M. Moronova,"Moronova, K.M.",,"=""""","=""""",0,,Unknown Binding,,,2025,,2025/08/23,"to-read, adult, romantasy, not-bought","to-read (#115), adult (#28), romantasy (#18), not-bought (#57)",to-read,,,,0,0
13104080,"Unravel Me (Shatter Me, #2)",Tahereh Mafi,"Mafi, Tahereh",,"=""0062085530""","=""9780062085535""",5.0,HarperCollins ,Hardcover,480,2013,2013,2024/04/06,2024/12/05,"bought, dystopian","bought (#15), dystopian (#11)",read,,,,2,0
50659467,"A Court of Thorns and Roses (A Court of Thorns and Roses, #1)",Sarah J. Maas,"Maas, Sarah J.",,"=""1635575567""","=""9781635575569""",3.0,Bloomsbury Publishing,Paperback,419,2020,2015,2025/07/30,2024/12/05,"not-bought, adult, romantasy","not-bought (#54), adult (#24), romantasy (#17)",read,,,,1,0
53138095,"A ​Court of Silver Flames (A Court of Thorns and Roses, #5)",Sarah J. Maas,"Maas, Sarah J.",,"=""168119628X""","=""9781681196282""",0,Bloomsbury Publishing,Hardcover,757,2021,2021,,2024/12/05,"to-read, adult, bought, romantasy","to-read (#19), adult (#23), bought (#51), romantasy (#16)",to-read,,,,0,0
50659471,"A Court of Frost and Starlight (A Court of Thorns and Roses, #4)",Sarah J. Maas,"Maas, Sarah J.",,"=""1635575621""","=""9781635575620""",0,Bloomsbury Publishing,Paperback,272,2020,2018,,2024/12/05,"to-read, adult, not-bought, romantasy","to-read (#18), adult (#22), not-bought (#53), romantasy (#15)",to-read,,,,0,0
50659472,"A Court of Wings and Ruin (A Court of Thorns and Roses, #3)",Sarah J. Maas,"Maas, Sarah J.",,"=""1635575605""","=""9781635575606""",0,Bloomsbury Publishing,Paperback,699,2020,2017,,2024/12/05,"to-read, adult, romantasy, not-bought","to-read (#17), adult (#21), romantasy (#14), not-bought (#52)",to-read,,,,0,0
50659468,"A Court of Mist and Fury (A Court of Thorns and Roses, #2)",Sarah J. Maas,"Maas, Sarah J.",,"=""1635575583""","=""9781635575583""",0,Bloomsbury Publishing,Paperback,626,2020,2016,,2024/12/05,"to-read, adult, bought, romantasy","to-read (#16), adult (#20), bought (#50), romantasy (#13)",to-read,,,,0,0
33231785,"We Can Be Mended (Divergent, #3.5)",Veronica Roth,"Roth, Veronica",,"=""""","=""""",0,Katherine Tegen Books,ebook,29,2017,2017,,2025/10/22,"to-read, dystopian, not-bought","to-read (#127), dystopian (#29), not-bought (#49)",to-read,,,,0,0
13615258,"Free Four: Tobias Tells the Divergent Knife-Throwing Scene (Divergent, #1.5)",Veronica Roth,"Roth, Veronica",,"=""006223742X""","=""9780062237422""",0,Katherine Tegen Books ,Kindle Edition,43,2012,2012,,2024/12/05,"to-read, dystopian, not-bought","to-read (#37), dystopian (#28), not-bought (#48)",to-read,,,,0,0
18126198,"Four: A Divergent Story Collection (Divergent, #0.1-0.4)",Veronica Roth,"Roth, Veronica",,"=""0062285688""","=""9780062285683""",0,Katherine Tegen Books,Paperback,285,2014,2014,,2024/12/05,"to-read, dystopian, not-bought","to-read (#36), dystopian (#27), not-bought (#47)",to-read,,,,0,0
21965351,Inside the Maze Runner: The Guide to the Glade,James Dashner,"Dashner, James",,"=""0553511084""","=""9780553511086""",0,Delacorte Books for Young Readers,Paperback,128,2014,2014,,2024/12/05,"to-read, dystopian, not-bought","to-read (#35), dystopian (#26), not-bought (#46)",to-read,,,,0,0
18111770,The Maze Runner Files,James Dashner,"Dashner, James",,"=""0385385412""","=""9780385385411""",0,Delacorte Press,ebook,50,2013,2013,,2024/12/05,"to-read, dystopian, not-bought","to-read (#34), dystopian (#25), not-bought (#45)",to-read,,,,0,0
23267628,"The Fever Code (The Maze Runner, #5)",James Dashner,"Dashner, James",,"=""0553513095""","=""9780553513097""",0,Delacorte Press,Hardcover,347,2016,2016,2024/12/25,2024/12/05,"not-bought, dystopian","not-bought (#44), dystopian (#24)",read,,,,1,0
13089710,"The Kill Order (The Maze Runner, #4)",James Dashner,"Dashner, James",,"=""0385742886""","=""9780385742887""",0,Delacorte Books for Young Readers,Hardcover,327,2012,2012,2024/12/23,2024/12/05,"not-bought, dystopian","not-bought (#43), dystopian (#23)",read,,,,1,0
53381768,"Crank Palace (The Maze Runner, #3.5)",James Dashner,"Dashner, James",Mark Deakins,"=""1705238785""","=""9781705238783""",5.0,Tantor Media Inc,Audio CD,0,2020,2020,2024/12/18,2024/12/05,"not-bought, dystopian","not-bought (#42), dystopian (#22)",read,,,,1,0
12878132,"Thomas’s First Memory of the Flare (The Maze Runner, #2.5)",James Dashner,"Dashner, James",,"=""""","=""""",3.0,Books-A-Million,ebook,4,2011,2011,2024/12/15,2024/12/15,"not-bought, dystopian","not-bought (#41), dystopian (#21)",read,,,,1,0
7864437,"The Death Cure (The Maze Runner, #3)",James Dashner,"Dashner, James",,"=""0385738773""","=""9780385738774""",5.0,Delacorte Books for Young Readers,Hardcover,325,2011,2011,2024/12/16,2024/12/05,"not-bought, dystopian","not-bought (#40), dystopian (#20)",read,,,,1,0
7631105,"The Scorch Trials (The Maze Runner, #2)",James Dashner,"Dashner, James",,"=""0385738757""","=""9780385738750""",5.0,Delacorte Press,Hardcover,362,2010,2010,2024/12/15,2024/12/05,"not-bought, dystopian","not-bought (#39), dystopian (#19)",read,,,,1,0
6186357,"The Maze Runner (The Maze Runner, #1)",James Dashner,"Dashner, James",,"=""0385737947""","=""9780385737944""",4.0,Delacorte Press,Hardcover,384,2009,2009,2024/12/13,2024/12/05,"not-bought, dystopian","not-bought (#38), dystopian (#18)",read,,,,1,0
220161171,"Fearful (The Powerless Trilogy, #3.5)",Lauren  Roberts,"Roberts, Lauren",,"=""166597107X""","=""9781665971072""",0,Simon & Schuster Books for Young Readers,Hardcover,211,2025,2025,,2025/10/22,"to-read, dystopian, romantasy, not-bought","to-read (#126), dystopian (#17), romantasy (#12), not-bought (#37)",to-read,,,,0,0
13188676,"Ignite Me (Shatter Me, #3)",Tahereh Mafi,"Mafi, Tahereh",,"=""006208559X""","=""9780062085597""",5.0,HarperCollins ,Kindle Edition,408,2014,2014,2024/04/06,2024/12/05,"bought, dystopian","bought (#16), dystopian (#10)",read,,,,2,0
34992959,"Defy Me (Shatter Me, #5)",Tahereh Mafi,"Mafi, Tahereh",,"=""0062676393""","=""9780062676399""",5.0,HarperTeen,Hardcover,357,2019,2019,2024/04/08,2024/12/05,"bought, dystopian","bought (#18), dystopian (#9)",read,,,,1,0
34992929,"Restore Me (Shatter Me, #4)",Tahereh Mafi,"Mafi, Tahereh",,"=""0062676369""","=""9780062676368""",0,HarperCollins,Hardcover,448,2018,2018,2024/04/07,2024/12/05,"bought, dystopian","bought (#17), dystopian (#8)",read,,,,1,0
44054122,"Imagine Me (Shatter Me, #6)",Tahereh Mafi,"Mafi, Tahereh",,"=""006267644X""","=""9780062676443""",3.0,HarperCollins,ebook,450,2020,2020,2024/04/09,2024/12/05,"bought, dystopian","bought (#19), dystopian (#7)",read,,,,1,0
58517502,"Believe Me (Shatter Me, #6.5)",Tahereh Mafi,"Mafi, Tahereh",,"=""0063228319""","=""9780063228313""",5.0,HarperCollins,Paperback,177,2021,2021,2024/04/09,2024/12/05,"bought, dystopian","bought (#20), dystopian (#6)",read,,,,1,0
40772063,"The Lost Sisters (The Folk of the Air, #1.5)",Holly Black,"Black, Holly",,"=""""","=""9780316310444""",0,NOVL,Kindle Edition,50,2018,2018,2024/04/28,2024/12/05,"not-bought, romantasy","not-bought (#22), romantasy (#2)",read,,,,1,0
55761476,"Kill Joy (A Good Girl's Guide to Murder, #0.5)",Holly  Jackson,"Jackson, Holly",,"=""""","=""""",0,Electric Monkey,Kindle Edition,130,2021,2021,2024/04/25,2024/12/05,"bought, mystery","bought (#35), mystery (#1)",read,,,,1,0
58857738,Psychology 7th edition,Peter O. Gray,"Gray, Peter O.",David F. Bjorklund,"=""""","=""""",0,,Unknown Binding,,,,,2025/10/19,"to-read, nonfiction","to-read (#123), nonfiction (#1)",to-read,,,,0,0
218064435,Banished by Darkness (Emilia of the Solstice Realm Book 2),Daphne Paige,"Paige, Daphne",,"=""""","=""""",0,Popcorn Publishing,Kindle Edition,390,2024,,,2025/05/14,to-read,to-read (#100),to-read,,,,0,0
